{"info":{"year":"2025","version":"1","description":"Exported from roboflow.com","contributor":"","url":"https://public.roboflow.com/object-detection/undefined","date_created":"2025-05-31T12:00:28+00:00"},"licenses":[{"id":1,"url":"https://creativecommons.org/licenses/by/4.0/","name":"CC BY 4.0"}],"categories":[{"id":0,"name":"cashew-raisins-almond-grapes-7tOF","supercategory":"none"},{"id":1,"name":"almond","supercategory":"cashew-raisins-almond-grapes-7tOF"},{"id":2,"name":"cashew","supercategory":"cashew-raisins-almond-grapes-7tOF"},{"id":3,"name":"grapes","supercategory":"cashew-raisins-almond-grapes-7tOF"},{"id":4,"name":"raisin","supercategory":"cashew-raisins-almond-grapes-7tOF"}],"images":[{"id":0,"license":1,"file_name":"one-purple-grape-isolated-on-a-black-background-showing-the-details-of-the-skin-and-texture-free-photo_webp.rf.d49dbd01734b5c8662f254e29e23da49.jpg","height":640,"width":640,"date_captured":"2025-05-31T12:00:28+00:00","extra":{"name":"one-purple-grape-isolated-on-a-black-background-showing-the-details-of-the-skin-and-texture-free-photo.webp"}},{"id":1,"license":1,"file_name":"360_F_1349652285_d44dCkFXh7AyjP71uTiMOGeyFWOlkqoZ_webp.rf.111c9b5d92c21fe59f425a1e9b50f09c.jpg","height":640,"width":640,"date_captured":"2025-05-31T12:00:28+00:00","extra":{"name":"360_F_1349652285_d44dCkFXh7AyjP71uTiMOGeyFWOlkqoZ.webp"}},{"id":2,"license":1,"file_name":"RAISIN_PREMIUM_RAISIN_PREMIUM_73_jpg.rf.50e8b7bf0cfa13dc88f82f6f04c37830.jpg","height":640,"width":640,"date_captured":"2025-05-31T12:00:28+00:00","extra":{"name":"RAISIN_PREMIUM_RAISIN_PREMIUM_73.jpg"}},{"id":3,"license":1,"file_name":"ALMOND_SANORA_ALMOND_SANORA_22_jpg.rf.a3fa49c3d2787b61d178b6ce0b0900ba.jpg","height":640,"width":640,"date_captured":"2025-05-31T12:00:28+00:00","extra":{"name":"ALMOND_SANORA_ALMOND_SANORA_22.jpg"}},{"id":4,"license":1,"file_name":"CASHEW_REGULAR_CASHEW_REGULAR_200_jpg.rf.6a26f36bea2e342ed790057a2869fb02.jpg","height":640,"width":640,"date_captured":"2025-05-31T12:00:28+00:00","extra":{"name":"CASHEW_REGULAR_CASHEW_REGULAR_200.jpg"}},{"id":5,"license":1,"file_name":"ALMOND_REGULAR_ALMOND_REGULAR_598_jpg.rf.64edc1df6093ada53c1101811daad038.jpg","height":640,"width":640,"date_captured":"2025-05-31T12:00:28+00:00","extra":{"name":"ALMOND_REGULAR_ALMOND_REGULAR_598.jpg"}},{"id":6,"license":1,"file_name":"ALMOND_MAMRA_ALMOND_MAMRA_192_jpg.rf.8487cdfaf946c7b4149afe5dfcb93112.jpg","height":640,"width":640,"date_captured":"2025-05-31T12:00:28+00:00","extra":{"name":"ALMOND_MAMRA_ALMOND_MAMRA_192.jpg"}},{"id":7,"license":1,"file_name":"ALMOND_MAMRA_ALMOND_MAMRA_778_jpg.rf.916b885d31c708fc5224240c30979874.jpg","height":640,"width":640,"date_captured":"2025-05-31T12:00:28+00:00","extra":{"name":"ALMOND_MAMRA_ALMOND_MAMRA_778.jpg"}},{"id":8,"license":1,"file_name":"360_F_1230381194_JkZ4wWbmrdZ0gWxZJXFR6aHQ391xSS2m_webp.rf.1ac9575fec013cb7de087f6e4dc94331.jpg","height":640,"width":640,"date_captured":"2025-05-31T12:00:28+00:00","extra":{"name":"360_F_1230381194_JkZ4wWbmrdZ0gWxZJXFR6aHQ391xSS2m.webp"}},{"id":9,"license":1,"file_name":"ALMOND_MAMRA_ALMOND_MAMRA_234_jpg.rf.7c3efaf6e808d2be9c08d85b101b62cb.jpg","height":640,"width":640,"date_captured":"2025-05-31T12:00:28+00:00","extra":{"name":"ALMOND_MAMRA_ALMOND_MAMRA_234.jpg"}},{"id":10,"license":1,"file_name":"ripe-red-grape-one-berry-260nw-503311102_webp.rf.81a122409e6bcd2e0cd87c3b35f511f4.jpg","height":640,"width":640,"date_captured":"2025-05-31T12:00:28+00:00","extra":{"name":"ripe-red-grape-one-berry-260nw-503311102.webp"}},{"id":11,"license":1,"file_name":"CASHEW_SPECIAL_CASHEW_SPECIAL_46_jpg.rf.d0fc4f4edcc5fa39299a1cfed9ad1d48.jpg","height":640,"width":640,"date_captured":"2025-05-31T12:00:28+00:00","extra":{"name":"CASHEW_SPECIAL_CASHEW_SPECIAL_46.jpg"}},{"id":12,"license":1,"file_name":"CASHEW_REGULAR_CASHEW_REGULAR_863_jpg.rf.c8e63327715dfba9469b072fc29470b7.jpg","height":640,"width":640,"date_captured":"2025-05-31T12:00:28+00:00","extra":{"name":"CASHEW_REGULAR_CASHEW_REGULAR_863.jpg"}},{"id":13,"license":1,"file_name":"CASHEW_JUMBO_CASHEW_JUMBO_797_jpg.rf.cd0d83209964720b8d070de66f9343b1.jpg","height":640,"width":640,"date_captured":"2025-05-31T12:00:28+00:00","extra":{"name":"CASHEW_JUMBO_CASHEW_JUMBO_797.jpg"}},{"id":14,"license":1,"file_name":"RAISIN_GRADE1_RAISIN_GRADE1_886_jpg.rf.b4eb62751e4b686d4e435be583e5e53f.jpg","height":640,"width":640,"date_captured":"2025-05-31T12:00:28+00:00","extra":{"name":"RAISIN_GRADE1_RAISIN_GRADE1_886.jpg"}},{"id":15,"license":1,"file_name":"RAISIN_PREMIUM_RAISIN_PREMIUM_186_jpg.rf.7ee140a9856360d442825fbac08b3c81.jpg","height":640,"width":640,"date_captured":"2025-05-31T12:00:28+00:00","extra":{"name":"RAISIN_PREMIUM_RAISIN_PREMIUM_186.jpg"}},{"id":16,"license":1,"file_name":"ALMOND_SANORA_ALMOND_SANORA_113_jpg.rf.2372b61bb858713c69f927f67d94adbf.jpg","height":640,"width":640,"date_captured":"2025-05-31T12:00:28+00:00","extra":{"name":"ALMOND_SANORA_ALMOND_SANORA_113.jpg"}},{"id":17,"license":1,"file_name":"CASHEW_SPECIAL_CASHEW_SPECIAL_259_jpg.rf.ca89a6ec39a5e83bbdb44c8daa8aa9d9.jpg","height":640,"width":640,"date_captured":"2025-05-31T12:00:28+00:00","extra":{"name":"CASHEW_SPECIAL_CASHEW_SPECIAL_259.jpg"}},{"id":18,"license":1,"file_name":"CASHEW_REGULAR_CASHEW_REGULAR_605_jpg.rf.7c9b3498b0b653653de59a829c92c73d.jpg","height":640,"width":640,"date_captured":"2025-05-31T12:00:28+00:00","extra":{"name":"CASHEW_REGULAR_CASHEW_REGULAR_605.jpg"}},{"id":19,"license":1,"file_name":"ALMOND_SANORA_ALMOND_SANORA_128_jpg.rf.d1c20b0c8e572f2511778fab49bcbb55.jpg","height":640,"width":640,"date_captured":"2025-05-31T12:00:28+00:00","extra":{"name":"ALMOND_SANORA_ALMOND_SANORA_128.jpg"}},{"id":20,"license":1,"file_name":"a-single-grape-on-a-white-wall-photo_webp.rf.fed4e6c6291c2d1e838afedfe9e74acd.jpg","height":640,"width":640,"date_captured":"2025-05-31T12:00:28+00:00","extra":{"name":"a-single-grape-on-a-white-wall-photo.webp"}},{"id":21,"license":1,"file_name":"360_F_1398457747_LeARvSkUcjYXu0jUuKbWv436VgQ8TPK8_webp.rf.af207e1c181952a42fc222c54a76dfe4.jpg","height":640,"width":640,"date_captured":"2025-05-31T12:00:28+00:00","extra":{"name":"360_F_1398457747_LeARvSkUcjYXu0jUuKbWv436VgQ8TPK8.webp"}},{"id":22,"license":1,"file_name":"RAISIN_GRADE1_RAISIN_GRADE1_251_jpg.rf.e9ce5071a5695d2d7f7591d2042cc251.jpg","height":640,"width":640,"date_captured":"2025-05-31T12:00:28+00:00","extra":{"name":"RAISIN_GRADE1_RAISIN_GRADE1_251.jpg"}},{"id":23,"license":1,"file_name":"CASHEW_JUMBO_CASHEW_JUMBO_310_jpg.rf.4b7b6769e194443390d76d1aa9a186e5.jpg","height":640,"width":640,"date_captured":"2025-05-31T12:00:28+00:00","extra":{"name":"CASHEW_JUMBO_CASHEW_JUMBO_310.jpg"}},{"id":24,"license":1,"file_name":"CASHEW_JUMBO_CASHEW_JUMBO_479_jpg.rf.4257f625052c92fc7bcc5b7d285353b1.jpg","height":640,"width":640,"date_captured":"2025-05-31T12:00:28+00:00","extra":{"name":"CASHEW_JUMBO_CASHEW_JUMBO_479.jpg"}},{"id":25,"license":1,"file_name":"ALMOND_MAMRA_ALMOND_MAMRA_740_jpg.rf.5f49fcfdc1cf4dee1db211b9370db251.jpg","height":640,"width":640,"date_captured":"2025-05-31T12:00:28+00:00","extra":{"name":"ALMOND_MAMRA_ALMOND_MAMRA_740.jpg"}},{"id":26,"license":1,"file_name":"360_F_1085743617_TZyeDIVCjcw4XbqBolKU0WC5ZqNpJ9Rc_webp.rf.ffd0767c5e1404d614477f1f2c411308.jpg","height":640,"width":640,"date_captured":"2025-05-31T12:00:28+00:00","extra":{"name":"360_F_1085743617_TZyeDIVCjcw4XbqBolKU0WC5ZqNpJ9Rc.webp"}},{"id":27,"license":1,"file_name":"CASHEW_JUMBO_CASHEW_JUMBO_187_jpg.rf.07eb7a8796f7c86b4d61242ca6d8c480.jpg","height":640,"width":640,"date_captured":"2025-05-31T12:00:28+00:00","extra":{"name":"CASHEW_JUMBO_CASHEW_JUMBO_187.jpg"}},{"id":28,"license":1,"file_name":"RAISIN_BLACK_RAISIN_BLACK_793_jpg.rf.4ef1657e5e6f2d8deab1d804169348c1.jpg","height":640,"width":640,"date_captured":"2025-05-31T12:00:28+00:00","extra":{"name":"RAISIN_BLACK_RAISIN_BLACK_793.jpg"}},{"id":29,"license":1,"file_name":"ALMOND_REGULAR_ALMOND_REGULAR_390_jpg.rf.4e3f066a9d456ab2fc869566f28a446b.jpg","height":640,"width":640,"date_captured":"2025-05-31T12:00:28+00:00","extra":{"name":"ALMOND_REGULAR_ALMOND_REGULAR_390.jpg"}},{"id":30,"license":1,"file_name":"white-grapes_webp.rf.cd9eeb110c95b184451fef7dc486da3c.jpg","height":640,"width":640,"date_captured":"2025-05-31T12:00:28+00:00","extra":{"name":"white-grapes.webp"}},{"id":31,"license":1,"file_name":"ALMOND_REGULAR_ALMOND_REGULAR_402_jpg.rf.379e0865a48d9d4d26c60f756d4c7230.jpg","height":640,"width":640,"date_captured":"2025-05-31T12:00:28+00:00","extra":{"name":"ALMOND_REGULAR_ALMOND_REGULAR_402.jpg"}},{"id":32,"license":1,"file_name":"CASHEW_SPECIAL_CASHEW_SPECIAL_471_jpg.rf.c2228445712d8cecf7b5d86f7c5b3337.jpg","height":640,"width":640,"date_captured":"2025-05-31T12:00:28+00:00","extra":{"name":"CASHEW_SPECIAL_CASHEW_SPECIAL_471.jpg"}},{"id":33,"license":1,"file_name":"CASHEW_JUMBO_CASHEW_JUMBO_904_jpg.rf.bab7b9866281af2370c04bfc1d7ce408.jpg","height":640,"width":640,"date_captured":"2025-05-31T12:00:28+00:00","extra":{"name":"CASHEW_JUMBO_CASHEW_JUMBO_904.jpg"}},{"id":34,"license":1,"file_name":"red-grape-macro_webp.rf.a9849175e49eac8f958ae1d558710933.jpg","height":640,"width":640,"date_captured":"2025-05-31T12:00:28+00:00","extra":{"name":"red-grape-macro.webp"}},{"id":35,"license":1,"file_name":"ALMOND_REGULAR_ALMOND_REGULAR_333_jpg.rf.11b593f44f7d6eac87f099a78a73edc8.jpg","height":640,"width":640,"date_captured":"2025-05-31T12:00:28+00:00","extra":{"name":"ALMOND_REGULAR_ALMOND_REGULAR_333.jpg"}},{"id":36,"license":1,"file_name":"RAISIN_PREMIUM_RAISIN_PREMIUM_244_jpg.rf.c2e9ba10634ad14e4d1daffc6272e83a.jpg","height":640,"width":640,"date_captured":"2025-05-31T12:00:28+00:00","extra":{"name":"RAISIN_PREMIUM_RAISIN_PREMIUM_244.jpg"}},{"id":37,"license":1,"file_name":"RAISIN_BLACK_RAISIN_BLACK_261_jpg.rf.f9354b88d78e22aed8adc6ffaf167ea1.jpg","height":640,"width":640,"date_captured":"2025-05-31T12:00:28+00:00","extra":{"name":"RAISIN_BLACK_RAISIN_BLACK_261.jpg"}},{"id":38,"license":1,"file_name":"RAISIN_BLACK_RAISIN_BLACK_568_jpg.rf.c3f1cd06b120f25a99ee249d8cbe794f.jpg","height":640,"width":640,"date_captured":"2025-05-31T12:00:28+00:00","extra":{"name":"RAISIN_BLACK_RAISIN_BLACK_568.jpg"}},{"id":39,"license":1,"file_name":"RAISIN_BLACK_RAISIN_BLACK_596_jpg.rf.6a4dddc29890904a846bf0e653d1ff0b.jpg","height":640,"width":640,"date_captured":"2025-05-31T12:00:28+00:00","extra":{"name":"RAISIN_BLACK_RAISIN_BLACK_596.jpg"}},{"id":40,"license":1,"file_name":"green-grape-isolated-on-white_webp.rf.e7943b4ca8133d12f2aac688f074297a.jpg","height":640,"width":640,"date_captured":"2025-05-31T12:00:28+00:00","extra":{"name":"green-grape-isolated-on-white.webp"}},{"id":41,"license":1,"file_name":"RAISIN_PREMIUM_RAISIN_PREMIUM_25_jpg.rf.d86474239d700460204d898a0dcd5fb1.jpg","height":640,"width":640,"date_captured":"2025-05-31T12:00:28+00:00","extra":{"name":"RAISIN_PREMIUM_RAISIN_PREMIUM_25.jpg"}},{"id":42,"license":1,"file_name":"ALMOND_REGULAR_ALMOND_REGULAR_285_jpg.rf.4e36e5db426615f7c9c8e115b37bd6dc.jpg","height":640,"width":640,"date_captured":"2025-05-31T12:00:28+00:00","extra":{"name":"ALMOND_REGULAR_ALMOND_REGULAR_285.jpg"}},{"id":43,"license":1,"file_name":"ALMOND_MAMRA_ALMOND_MAMRA_599_jpg.rf.640bc4ad5abecf8ef3e03a231a31f1ff.jpg","height":640,"width":640,"date_captured":"2025-05-31T12:00:28+00:00","extra":{"name":"ALMOND_MAMRA_ALMOND_MAMRA_599.jpg"}},{"id":44,"license":1,"file_name":"four-concord-grapes-isolated-on-white_webp.rf.f21dccb94874eb1b0dca2d2639ae2112.jpg","height":640,"width":640,"date_captured":"2025-05-31T12:00:28+00:00","extra":{"name":"four-concord-grapes-isolated-on-white.webp"}},{"id":45,"license":1,"file_name":"front-view-of-fresh-red-grapes-with-half-in-stack-isolated-on-white-background-with-clipping-path-photo_webp.rf.3cbcc297588d495428430d3057276250.jpg","height":640,"width":640,"date_captured":"2025-05-31T12:00:28+00:00","extra":{"name":"front-view-of-fresh-red-grapes-with-half-in-stack-isolated-on-white-background-with-clipping-path-photo.webp"}},{"id":46,"license":1,"file_name":"red-seedless-grape_webp.rf.54e90328aba0d280260f204551990bd7.jpg","height":640,"width":640,"date_captured":"2025-05-31T12:00:28+00:00","extra":{"name":"red-seedless-grape.webp"}},{"id":47,"license":1,"file_name":"RAISIN_BLACK_RAISIN_BLACK_812_jpg.rf.01027d62fb36d632149fb6cf320a2cc0.jpg","height":640,"width":640,"date_captured":"2025-05-31T12:00:28+00:00","extra":{"name":"RAISIN_BLACK_RAISIN_BLACK_812.jpg"}},{"id":48,"license":1,"file_name":"high-angle-view-grapes-white-fabric_1048944-17885048_webp.rf.7fefe4af0f990b6fddacca31e202a9e4.jpg","height":640,"width":640,"date_captured":"2025-05-31T12:00:28+00:00","extra":{"name":"high-angle-view-grapes-white-fabric_1048944-17885048.webp"}},{"id":49,"license":1,"file_name":"ALMOND_SANORA_ALMOND_SANORA_462_jpg.rf.f7c0dd28239e4868404ddee624fc799c.jpg","height":640,"width":640,"date_captured":"2025-05-31T12:00:28+00:00","extra":{"name":"ALMOND_SANORA_ALMOND_SANORA_462.jpg"}},{"id":50,"license":1,"file_name":"red-grape-on-white-background-close-up-free-photo_webp.rf.594859fd77207bc016e53bcf621d713e.jpg","height":640,"width":640,"date_captured":"2025-05-31T12:00:28+00:00","extra":{"name":"red-grape-on-white-background-close-up-free-photo.webp"}},{"id":51,"license":1,"file_name":"ALMOND_MAMRA_ALMOND_MAMRA_180_jpg.rf.bb750825eccb079525d962449753ab74.jpg","height":640,"width":640,"date_captured":"2025-05-31T12:00:28+00:00","extra":{"name":"ALMOND_MAMRA_ALMOND_MAMRA_180.jpg"}},{"id":52,"license":1,"file_name":"CASHEW_SPECIAL_CASHEW_SPECIAL_724_jpg.rf.da554b48e273cde3f921ef23b55585ae.jpg","height":640,"width":640,"date_captured":"2025-05-31T12:00:28+00:00","extra":{"name":"CASHEW_SPECIAL_CASHEW_SPECIAL_724.jpg"}},{"id":53,"license":1,"file_name":"single-red-grape_webp.rf.5565292c9dd192163de63d574e844592.jpg","height":640,"width":640,"date_captured":"2025-05-31T12:00:28+00:00","extra":{"name":"single-red-grape.webp"}},{"id":54,"license":1,"file_name":"RAISIN_BLACK_RAISIN_BLACK_128_jpg.rf.56ac59dfd413b1f8a683ef37e46b66c0.jpg","height":640,"width":640,"date_captured":"2025-05-31T12:00:28+00:00","extra":{"name":"RAISIN_BLACK_RAISIN_BLACK_128.jpg"}},{"id":55,"license":1,"file_name":"CASHEW_JUMBO_CASHEW_JUMBO_466_jpg.rf.8f2567dec2cdd46d96061ae22c998628.jpg","height":640,"width":640,"date_captured":"2025-05-31T12:00:28+00:00","extra":{"name":"CASHEW_JUMBO_CASHEW_JUMBO_466.jpg"}},{"id":56,"license":1,"file_name":"RAISIN_GRADE1_RAISIN_GRADE1_726_jpg.rf.17c1f4559229613b2e47e3de9583dcec.jpg","height":640,"width":640,"date_captured":"2025-05-31T12:00:28+00:00","extra":{"name":"RAISIN_GRADE1_RAISIN_GRADE1_726.jpg"}},{"id":57,"license":1,"file_name":"CASHEW_SPECIAL_CASHEW_SPECIAL_289_jpg.rf.74f318dba9fe37ce4d35eb710dded6ad.jpg","height":640,"width":640,"date_captured":"2025-05-31T12:00:28+00:00","extra":{"name":"CASHEW_SPECIAL_CASHEW_SPECIAL_289.jpg"}},{"id":58,"license":1,"file_name":"CASHEW_JUMBO_CASHEW_JUMBO_510_jpg.rf.c3a25d6bf31e1c3ffae85a134c2d5e3c.jpg","height":640,"width":640,"date_captured":"2025-05-31T12:00:28+00:00","extra":{"name":"CASHEW_JUMBO_CASHEW_JUMBO_510.jpg"}},{"id":59,"license":1,"file_name":"RAISIN_GRADE1_RAISIN_GRADE1_293_jpg.rf.ae6677ec561f44fd28de7f9631fc1d28.jpg","height":640,"width":640,"date_captured":"2025-05-31T12:00:28+00:00","extra":{"name":"RAISIN_GRADE1_RAISIN_GRADE1_293.jpg"}},{"id":60,"license":1,"file_name":"CASHEW_REGULAR_CASHEW_REGULAR_394_jpg.rf.ba9d7c06828efbaf711c9fc185b3876a.jpg","height":640,"width":640,"date_captured":"2025-05-31T12:00:28+00:00","extra":{"name":"CASHEW_REGULAR_CASHEW_REGULAR_394.jpg"}},{"id":61,"license":1,"file_name":"CASHEW_REGULAR_CASHEW_REGULAR_737_jpg.rf.e8779f6bd471a533d902443c7d503d0e.jpg","height":640,"width":640,"date_captured":"2025-05-31T12:00:28+00:00","extra":{"name":"CASHEW_REGULAR_CASHEW_REGULAR_737.jpg"}},{"id":62,"license":1,"file_name":"ALMOND_REGULAR_ALMOND_REGULAR_753_jpg.rf.7448acb77e0aff93d49c76f027e08691.jpg","height":640,"width":640,"date_captured":"2025-05-31T12:00:28+00:00","extra":{"name":"ALMOND_REGULAR_ALMOND_REGULAR_753.jpg"}},{"id":63,"license":1,"file_name":"CASHEW_JUMBO_CASHEW_JUMBO_471_jpg.rf.f8c3dd5676e062f75bee56b16c9fd51d.jpg","height":640,"width":640,"date_captured":"2025-05-31T12:00:28+00:00","extra":{"name":"CASHEW_JUMBO_CASHEW_JUMBO_471.jpg"}},{"id":64,"license":1,"file_name":"CASHEW_REGULAR_CASHEW_REGULAR_903_jpg.rf.f7c22211f667056c3b2b0fa925610c85.jpg","height":640,"width":640,"date_captured":"2025-05-31T12:00:28+00:00","extra":{"name":"CASHEW_REGULAR_CASHEW_REGULAR_903.jpg"}},{"id":65,"license":1,"file_name":"RAISIN_PREMIUM_RAISIN_PREMIUM_256_jpg.rf.5b003b5a5381f9b31216ef2cda6de507.jpg","height":640,"width":640,"date_captured":"2025-05-31T12:00:28+00:00","extra":{"name":"RAISIN_PREMIUM_RAISIN_PREMIUM_256.jpg"}},{"id":66,"license":1,"file_name":"single-blue-grape-stem-isolated-260nw-152226398_webp.rf.905074fa2de24330f6bdbcb0376b95e3.jpg","height":640,"width":640,"date_captured":"2025-05-31T12:00:28+00:00","extra":{"name":"single-blue-grape-stem-isolated-260nw-152226398.webp"}},{"id":67,"license":1,"file_name":"CASHEW_SPECIAL_CASHEW_SPECIAL_593_jpg.rf.a32012c0ddfabfaac5a65eeb9568abf1.jpg","height":640,"width":640,"date_captured":"2025-05-31T12:00:28+00:00","extra":{"name":"CASHEW_SPECIAL_CASHEW_SPECIAL_593.jpg"}},{"id":68,"license":1,"file_name":"CASHEW_SPECIAL_CASHEW_SPECIAL_171_jpg.rf.02c2e24ca301d851798a27d294863cfd.jpg","height":640,"width":640,"date_captured":"2025-05-31T12:00:28+00:00","extra":{"name":"CASHEW_SPECIAL_CASHEW_SPECIAL_171.jpg"}},{"id":69,"license":1,"file_name":"RAISIN_BLACK_RAISIN_BLACK_857_jpg.rf.ba7a9e973bbb8f39dea2e992e58d33c4.jpg","height":640,"width":640,"date_captured":"2025-05-31T12:00:28+00:00","extra":{"name":"RAISIN_BLACK_RAISIN_BLACK_857.jpg"}}],"annotations":[{"id":0,"image_id":0,"category_id":3,"bbox":[199,48,286.381,537.6],"area":153958.599,"segmentation":[[286.381,569.6,343.658,585.6,393.463,582.4,463.191,508.8,485.603,422.4,473.152,288,448.249,227.2,408.405,172.8,353.619,150.4,356.109,137.6,336.187,105.6,333.696,60.8,321.245,48,308.794,54.4,311.284,108.8,298.833,160,271.44,169.6,239.066,204.8,209.183,307.2,199.222,361.6,209.183,457.6,236.576,518.4,286.381,569.6]],"iscrowd":0},{"id":1,"image_id":1,"category_id":3,"bbox":[233,213,179.512,222.222],"area":39891.599,"segmentation":[[305.691,432,347.317,435.556,369.431,426.667,396.748,394.667,412.358,348.444,412.358,307.556,399.35,270.222,372.033,238.222,335.61,216.889,300.488,213.333,266.667,227.556,241.951,257.778,232.846,291.556,232.846,330.667,244.553,368,270.569,408.889,305.691,432]],"iscrowd":0},{"id":2,"image_id":2,"category_id":1,"bbox":[236,108,198.75,358.75],"area":71301.563,"segmentation":[[296.25,466.25,347.5,455,402.5,390,421.25,341.25,432.5,293.75,435,245,426.25,186.25,401.25,122.5,376.25,107.5,355,108.75,322.5,128.75,305,146.25,278.75,187.5,236.25,306.25,236.25,403.75,255,450,275,462.5,296.25,466.25]],"iscrowd":0},{"id":3,"image_id":3,"category_id":1,"bbox":[236,234,152.5,248.75],"area":37934.375,"segmentation":[[291.25,475,312.5,482.5,351.25,461.25,377.5,411.25,386.25,383.75,388.75,348.75,385,331.25,363.75,291.25,318.75,238.75,301.25,233.75,282.5,247.5,261.25,280,237.5,346.25,236.25,378.75,243.75,408.75,272.5,460,291.25,475]],"iscrowd":0},{"id":4,"image_id":4,"category_id":2,"bbox":[201,219,228.75,128.75],"area":29451.563,"segmentation":[[278.75,345,312.5,347.5,361.25,331.25,412.5,310,430,288.75,425,275,412.5,262.5,367.5,247.5,345,231.25,320,221.25,295,218.75,241.25,228.75,213.75,243.75,205,256.25,201.25,282.5,210,306.25,225,320,278.75,345]],"iscrowd":0},{"id":5,"image_id":5,"category_id":1,"bbox":[108,305,175,123.75],"area":21656.25,"segmentation":[[198.75,428.75,237.5,418.75,268.75,393.75,282.5,370,276.25,345,257.5,327.5,235,312.5,203.75,305,151.25,316.25,117.5,343.75,107.5,361.25,108.75,380,131.25,408.75,180,428.75,198.75,428.75]],"iscrowd":0},{"id":6,"image_id":6,"category_id":1,"bbox":[233,235,167.5,151.25],"area":25334.375,"segmentation":[[303.75,368.75,357.5,386.25,392.5,385,400,362.5,395,337.5,333.75,267.5,298.75,242.5,262.5,235,248.75,238.75,236.25,253.75,232.5,265,240,302.5,278.75,355,303.75,368.75]],"iscrowd":0},{"id":7,"image_id":7,"category_id":1,"bbox":[290,188,82.5,335],"area":27637.5,"segmentation":[[352.5,521.25,367.5,505,372.5,456.25,368.75,298.75,350,207.5,330,187.5,316.25,190,311.25,196.25,290,296.25,292.5,457.5,313.75,508.75,343.75,522.5,352.5,521.25]],"iscrowd":0},{"id":8,"image_id":8,"category_id":3,"bbox":[49,193,281.6,305.882],"area":86136.471,"segmentation":[[110.08,357.647,119.04,423.529,138.24,456.471,176.64,489.412,202.24,498.824,252.16,496.471,291.84,470.588,320,421.176,330.24,371.765,330.24,322.353,316.16,263.529,279.04,214.118,235.52,192.941,200.96,192.941,163.84,209.412,129.28,244.706,115.2,289.412,88.32,320,53.76,317.647,48.64,327.059,62.72,341.176,87.04,341.176,110.08,357.647]],"iscrowd":0},{"id":9,"image_id":9,"category_id":1,"bbox":[195,88,197.5,427.5],"area":84431.25,"segmentation":[[256.25,490,281.25,505,301.25,510,347.5,515,366.25,506.25,383.75,442.5,392.5,282.5,376.25,141.25,336.25,87.5,318.75,87.5,303.75,95,277.5,117.5,236.25,166.25,212.5,235,196.25,328.75,195,367.5,202.5,407.5,215,433.75,256.25,490]],"iscrowd":0},{"id":10,"image_id":10,"category_id":3,"bbox":[113,75,389.758,409.143],"area":159466.614,"segmentation":[[254.671,468.571,323.322,484.571,356.54,480,422.976,450.286,487.197,395.429,484.983,374.857,502.699,306.286,489.412,217.143,449.55,150.857,380.9,96,334.394,80,270.173,75.429,194.879,98.286,139.516,148.571,112.941,219.429,112.941,290.286,137.301,363.429,181.592,420.571,254.671,468.571]],"iscrowd":0},{"id":11,"image_id":11,"category_id":2,"bbox":[223,73,163.75,488.75],"area":80032.813,"segmentation":[[277.5,560,313.75,561.25,335,553.75,376.25,505,383.75,485,386.25,400,376.25,300,357.5,235,331.25,98.75,325,85,305,72.5,287.5,76.25,276.25,95,276.25,186.25,263.75,320,223.75,443.75,222.5,486.25,226.25,500,245,532.5,277.5,560]],"iscrowd":0},{"id":12,"image_id":12,"category_id":2,"bbox":[198,283,291.25,206.25],"area":60070.313,"segmentation":[[275,480,328.75,488.75,385,473.75,440,436.25,481.25,381.25,487.5,360,488.75,328.75,476.25,292.5,460,282.5,418.75,301.25,385,341.25,380,353.75,347.5,373.75,325,376.25,306.25,368.75,271.25,332.5,256.25,323.75,217.5,331.25,207.5,340,197.5,361.25,197.5,397.5,226.25,445,243.75,462.5,275,480]],"iscrowd":0},{"id":13,"image_id":13,"category_id":2,"bbox":[139,235,363.75,217.5],"area":79115.625,"segmentation":[[186.25,440,217.5,452.5,238.75,447.5,256.25,428.75,261.25,428.75,288.75,390,331.25,380,367.5,382.5,431.25,436.25,450,443.75,466.25,445,487.5,438.75,502.5,411.25,501.25,361.25,483.75,321.25,465,295,420,257.5,383.75,242.5,346.25,235,277.5,236.25,242.5,247.5,221.25,260,187.5,288.75,160,326.25,140,366.25,138.75,395,151.25,423.75,175,441.25,186.25,440]],"iscrowd":0},{"id":14,"image_id":14,"category_id":4,"bbox":[281,230,85,166.25],"area":14131.25,"segmentation":[[288.75,378.75,302.5,392.5,322.5,396.25,343.75,385,366.25,357.5,360,272.5,348.75,253.75,321.25,230,298.75,240,291.25,256.25,286.25,312.5,281.25,325,285,367.5,288.75,378.75]],"iscrowd":0},{"id":15,"image_id":15,"category_id":4,"bbox":[261,154,93.75,183.75],"area":17226.563,"segmentation":[[317.5,336.25,342.5,298.75,355,251.25,353.75,207.5,343.75,178.75,326.25,157.5,311.25,153.75,285,167.5,267.5,210,261.25,251.25,261.25,298.75,276.25,325,298.75,337.5,317.5,336.25]],"iscrowd":0},{"id":16,"image_id":16,"category_id":1,"bbox":[280,118,125,348.75],"area":43593.75,"segmentation":[[327.5,458.75,341.25,466.25,353.75,466.25,387.5,426.25,402.5,376.25,405,313.75,393.75,232.5,373.75,178.75,340,117.5,332.5,117.5,321.25,128.75,296.25,167.5,280,245,281.25,326.25,300,416.25,310,437.5,327.5,458.75]],"iscrowd":0},{"id":17,"image_id":17,"category_id":2,"bbox":[191,148,211.25,355],"area":74993.75,"segmentation":[[256.25,325,252.5,365,223.75,380,198.75,410,200,453.75,210,473.75,231.25,493.75,260,502.5,282.5,498.75,343.75,470,370,443.75,387.5,413.75,401.25,368.75,402.5,306.25,395,268.75,375,227.5,328.75,177.5,301.25,158.75,271.25,148.75,233.75,147.5,207.5,157.5,191.25,176.25,195,202.5,232.5,247.5,247.5,273.75,256.25,325]],"iscrowd":0},{"id":18,"image_id":18,"category_id":2,"bbox":[90,221,336.25,198.75],"area":66829.688,"segmentation":[[140,410,172.5,420,206.25,416.25,223.75,396.25,231.25,372.5,255,357.5,278.75,358.75,333.75,405,373.75,417.5,411.25,407.5,421.25,395,426.25,371.25,420,328.75,410,307.5,393.75,288.75,337.5,250,261.25,221.25,205,225,137.5,255,112.5,278.75,90,335,90,368.75,101.25,396.25,120,411.25,140,410]],"iscrowd":0},{"id":19,"image_id":19,"category_id":1,"bbox":[201,161,190,325],"area":61750,"segmentation":[[253.75,478.75,282.5,486.25,322.5,483.75,357.5,466.25,377.5,446.25,391.25,401.25,391.25,347.5,382.5,287.5,353.75,218.75,333.75,188.75,307.5,165,290,161.25,271.25,173.75,245,203.75,215,263.75,201.25,323.75,202.5,392.5,210,423.75,220,443.75,253.75,478.75]],"iscrowd":0},{"id":20,"image_id":20,"category_id":3,"bbox":[256,230,96,150.4],"area":14438.4,"segmentation":[[328.533,377.6,349.867,355.2,352,288,337.067,230.4,281.6,246.4,258.133,294.4,256,326.4,264.533,355.2,288,380.8,328.533,377.6]],"iscrowd":0},{"id":21,"image_id":21,"category_id":3,"bbox":[110,148,227.84,362.353],"area":82558.494,"segmentation":[[195.84,510.588,249.6,510.588,295.68,470.588,323.84,421.176,337.92,352.941,335.36,277.647,318.72,218.824,280.32,167.059,244.48,148.235,190.72,152.941,161.28,174.118,124.16,232.941,110.08,294.118,110.08,369.412,126.72,435.294,153.6,480,195.84,510.588]],"iscrowd":0},{"id":22,"image_id":22,"category_id":4,"bbox":[334,80,80,233.75],"area":18700,"segmentation":[[396.25,313.75,405,310,413.75,298.75,413.75,183.75,397.5,106.25,390,88.75,377.5,80,365,80,355,93.75,333.75,203.75,340,256.25,361.25,292.5,381.25,311.25,396.25,313.75]],"iscrowd":0},{"id":23,"image_id":23,"category_id":2,"bbox":[189,51,276.25,505],"area":139506.25,"segmentation":[[267.5,513.75,308.75,547.5,338.75,556.25,392.5,548.75,432.5,523.75,442.5,512.5,455,476.25,457.5,415,402.5,345,390,320,383.75,275,401.25,220,440,168.75,453.75,142.5,462.5,137.5,465,95,453.75,63.75,441.25,55,421.25,51.25,378.75,55,342.5,67.5,290,98.75,245,146.25,210,206.25,197.5,248.75,188.75,305,188.75,361.25,206.25,433.75,223.75,465,267.5,513.75]],"iscrowd":0},{"id":24,"image_id":24,"category_id":2,"bbox":[268,114,151.25,160],"area":24200,"segmentation":[[302.5,265,321.25,273.75,347.5,272.5,385,257.5,416.25,233.75,418.75,210,413.75,171.25,395,150,358.75,122.5,338.75,113.75,306.25,113.75,286.25,122.5,270,147.5,276.25,188.75,268.75,200,267.5,217.5,302.5,265]],"iscrowd":0},{"id":25,"image_id":25,"category_id":1,"bbox":[263,264,87.5,183.75],"area":16078.125,"segmentation":[[327.5,447.5,336.25,446.25,350,423.75,350,372.5,342.5,327.5,347.5,312.5,335,293.75,288.75,266.25,275,263.75,262.5,272.5,262.5,367.5,270,403.75,300,437.5,327.5,447.5]],"iscrowd":0},{"id":26,"image_id":26,"category_id":3,"bbox":[149,16,337.778,600.889],"area":202966.914,"segmentation":[[163.556,270.222,165.333,293.333,184.889,312.889,215.111,410.667,209.778,428.444,213.333,449.778,248.889,481.778,241.778,501.333,245.333,524.444,263.111,544,282.667,547.556,291.556,560,295.111,588.444,311.111,608,330.667,616.889,346.667,615.111,373.333,592,375.111,570.667,366.222,547.556,375.111,524.444,387.556,506.667,408.889,510.222,430.222,492.444,430.222,407.111,465.778,373.333,469.333,341.333,458.667,321.778,460.444,298.667,485.333,282.667,487.111,241.778,462.222,215.111,430.222,202.667,398.222,122.667,396.444,92.444,378.667,71.111,341.333,72.889,325.333,90.667,325.333,113.778,312.889,119.111,302.222,106.667,288,60.444,261.333,28.444,238.222,16,236.444,21.333,250.667,26.667,284.444,69.333,296.889,115.556,295.111,142.222,264.889,156.444,220.444,128,200.889,126.222,165.333,140.444,149.333,161.778,149.333,199.111,156.444,213.333,176,227.556,163.556,270.222]],"iscrowd":0},{"id":27,"image_id":27,"category_id":2,"bbox":[208,269,160,222.5],"area":35600,"segmentation":[[306.25,488.75,328.75,466.25,357.5,406.25,367.5,371.25,366.25,335,350,297.5,327.5,277.5,297.5,281.25,283.75,268.75,268.75,278.75,248.75,275,221.25,293.75,207.5,326.25,210,386.25,252.5,473.75,270,491.25,306.25,488.75]],"iscrowd":0},{"id":28,"image_id":28,"category_id":4,"bbox":[223,198,151.25,211.25],"area":31951.563,"segmentation":[[297.5,408.75,333.75,405,343.75,396.25,366.25,352.5,367.5,323.75,373.75,306.25,366.25,262.5,342.5,226.25,306.25,197.5,280,201.25,253.75,216.25,236.25,245,222.5,283.75,222.5,326.25,255,391.25,282.5,406.25,297.5,408.75]],"iscrowd":0},{"id":29,"image_id":29,"category_id":1,"bbox":[288,209,120,192.5],"area":23100,"segmentation":[[337.5,397.5,356.25,401.25,397.5,355,405,340,407.5,297.5,396.25,252.5,370,213.75,361.25,208.75,335,211.25,315,220,303.75,232.5,288.75,275,287.5,330,297.5,386.25,312.5,401.25,337.5,397.5]],"iscrowd":0},{"id":30,"image_id":30,"category_id":3,"bbox":[110,35,429.327,530.196],"area":227627.324,"segmentation":[[191.521,520.784,242.594,549.02,279.302,559.477,314.414,563.66,352.718,564.706,386.234,559.477,419.751,550.065,450.075,535.425,491.571,495.686,521.895,438.17,539.451,359.739,536.259,298.039,518.703,248.889,481.995,199.739,435.711,174.641,386.234,161.046,367.082,160,365.486,147.451,341.546,110.85,349.526,73.203,343.142,35.556,311.222,34.51,296.858,38.693,300.05,113.987,282.494,151.634,268.13,161.046,218.653,171.503,170.773,199.739,132.469,241.569,110.125,298.039,111.721,373.333,126.085,425.621,146.833,470.588,191.521,520.784]],"iscrowd":0},{"id":31,"image_id":31,"category_id":1,"bbox":[256,160,167.5,310],"area":51925,"segmentation":[[277.5,445,303.75,462.5,331.25,470,361.25,466.25,387.5,443.75,411.25,407.5,420,377.5,423.75,332.5,418.75,277.5,403.75,227.5,390,201.25,348.75,160,336.25,161.25,308.75,181.25,288.75,206.25,260,296.25,256.25,370,261.25,412.5,270,433.75,277.5,445]],"iscrowd":0},{"id":32,"image_id":32,"category_id":2,"bbox":[181,53,198.75,253.75],"area":50432.813,"segmentation":[[278.75,306.25,301.25,303.75,337.5,271.25,373.75,205,380,177.5,378.75,137.5,363.75,100,342.5,76.25,321.25,61.25,297.5,52.5,282.5,52.5,208.75,82.5,191.25,101.25,181.25,128.75,183.75,180,205,227.5,257.5,295,278.75,306.25]],"iscrowd":0},{"id":33,"image_id":33,"category_id":2,"bbox":[135,284,372.5,167.5],"area":62393.75,"segmentation":[[223.75,451.25,307.5,447.5,486.25,406.25,502.5,395,507.5,380,500,358.75,467.5,338.75,387.5,325,297.5,322.5,268.75,313.75,216.25,285,196.25,283.75,156.25,296.25,146.25,306.25,136.25,331.25,135,362.5,158.75,416.25,180,438.75,223.75,451.25]],"iscrowd":0},{"id":34,"image_id":34,"category_id":3,"bbox":[78,88,349.44,502.991],"area":175765.246,"segmentation":[[107.52,480.469,154.88,553.666,184.32,576.188,227.84,591.202,295.68,583.695,355.84,546.158,381.44,514.252,401.92,472.962,421.12,412.903,427.52,371.613,421.12,270.264,410.88,227.097,390.4,183.93,360.96,137.009,340.48,118.24,284.16,91.965,215.04,88.211,185.6,97.595,156.16,118.24,104.96,191.437,78.08,292.786,78.08,382.874,81.92,384.751,87.04,431.672,107.52,480.469]],"iscrowd":0},{"id":35,"image_id":35,"category_id":1,"bbox":[238,189,153.75,232.5],"area":35746.875,"segmentation":[[301.25,417.5,318.75,421.25,335,420,351.25,408.75,375,368.75,391.25,303.75,388.75,248.75,365,212.5,333.75,188.75,321.25,188.75,281.25,206.25,252.5,243.75,238.75,291.25,237.5,326.25,248.75,363.75,280,402.5,301.25,417.5]],"iscrowd":0},{"id":36,"image_id":36,"category_id":4,"bbox":[315,176,132.5,173.75],"area":23021.875,"segmentation":[[355,348.75,373.75,350,397.5,335,420,306.25,438.75,293.75,447.5,278.75,428.75,217.5,403.75,187.5,383.75,176.25,360,176.25,341.25,186.25,315,245,315,283.75,327.5,320,340,338.75,355,348.75]],"iscrowd":0},{"id":37,"image_id":37,"category_id":4,"bbox":[221,181,182.5,288.75],"area":52696.875,"segmentation":[[333.75,470,362.5,461.25,391.25,411.25,401.25,375,403.75,335,396.25,292.5,375,256.25,366.25,215,357.5,197.5,340,183.75,325,181.25,301.25,187.5,278.75,206.25,231.25,286.25,223.75,315,221.25,377.5,233.75,401.25,305,468.75,333.75,470]],"iscrowd":0},{"id":38,"image_id":38,"category_id":4,"bbox":[274,180,157.5,298.75],"area":47053.125,"segmentation":[[338.75,478.75,358.75,476.25,371.25,465,388.75,458.75,405,437.5,416.25,432.5,427.5,408.75,431.25,381.25,428.75,336.25,421.25,302.5,406.25,270,398.75,230,378.75,195,363.75,185,337.5,180,313.75,186.25,292.5,202.5,281.25,220,281.25,256.25,275,281.25,273.75,355,283.75,415,325,468.75,338.75,478.75]],"iscrowd":0},{"id":39,"image_id":39,"category_id":4,"bbox":[271,224,116.25,122.5],"area":14240.625,"segmentation":[[301.25,338.75,321.25,346.25,350,345,371.25,322.5,387.5,292.5,386.25,255,365,242.5,353.75,228.75,335,223.75,307.5,223.75,275,237.5,272.5,247.5,275,277.5,271.25,293.75,281.25,321.25,301.25,338.75]],"iscrowd":0},{"id":40,"image_id":40,"category_id":3,"bbox":[154,127,325.12,357.477],"area":116223.077,"segmentation":[[227.84,417.057,234.24,443.964,259.84,476.637,291.84,484.324,309.76,472.793,327.68,440.12,331.52,420.901,344.32,415.135,364.8,447.808,389.12,467.027,417.28,470.871,437.76,457.417,453.12,422.823,451.84,361.321,472.32,320.961,478.72,269.069,468.48,230.631,437.76,190.27,416,178.739,396.8,178.739,378.88,190.27,366.08,178.739,368.64,151.832,363.52,147.988,345.6,205.646,337.92,199.88,331.52,174.895,309.76,140.3,288,126.847,264.96,126.847,245.76,138.378,229.12,165.285,222.72,186.426,227.84,238.318,171.52,267.147,154.88,301.742,153.6,349.79,171.52,390.15,195.84,411.291,227.84,417.057]],"iscrowd":0},{"id":41,"image_id":41,"category_id":4,"bbox":[288,154,152.5,298.75],"area":45559.375,"segmentation":[[341.25,452.5,363.75,452.5,385,446.25,417.5,390,436.25,315,440,195,421.25,160,406.25,153.75,368.75,158.75,335,187.5,308.75,227.5,290,301.25,287.5,358.75,293.75,392.5,312.5,427.5,341.25,452.5]],"iscrowd":0},{"id":42,"image_id":42,"category_id":1,"bbox":[268,265,125,167.5],"area":20937.5,"segmentation":[[301.25,423.75,320,432.5,331.25,432.5,365,415,388.75,373.75,392.5,336.25,383.75,303.75,362.5,277.5,338.75,265,320,268.75,281.25,301.25,271.25,326.25,267.5,338.75,270,372.5,281.25,400,301.25,423.75]],"iscrowd":0},{"id":43,"image_id":43,"category_id":1,"bbox":[260,229,87.5,177.5],"area":15531.25,"segmentation":[[308.75,406.25,326.25,386.25,347.5,317.5,347.5,261.25,341.25,235,333.75,228.75,320,230,293.75,246.25,273.75,272.5,260,308.75,260,357.5,267.5,373.75,292.5,405,308.75,406.25]],"iscrowd":0},{"id":44,"image_id":44,"category_id":3,"bbox":[87,359,190.72,205.567],"area":39205.824,"segmentation":[[135.68,548.18,161.28,560.514,185.6,564.625,217.6,560.514,257.28,546.809,256,537.216,277.76,490.621,277.76,449.507,263.68,411.135,231.68,376.874,212.48,365.91,184.32,359.058,154.88,360.428,135.68,367.281,101.12,398.801,87.04,438.544,87.04,468.694,93.44,493.362,108.8,520.771,135.68,548.18]],"iscrowd":0},{"id":45,"image_id":44,"category_id":3,"bbox":[86,82,192,200.086],"area":38416.445,"segmentation":[[154.88,279.572,193.28,282.313,234.24,267.238,263.68,237.088,277.76,204.197,277.76,160.343,267.52,132.934,241.92,101.413,206.08,83.597,162.56,82.227,134.4,93.191,102.4,123.34,88.32,154.861,85.76,193.233,97.28,231.606,120.32,260.385,154.88,279.572]],"iscrowd":0},{"id":46,"image_id":44,"category_id":3,"bbox":[361,360,193.28,200.086],"area":38672.555,"segmentation":[[437.76,560.514,476.16,557.773,513.28,538.587,541.44,504.325,554.24,457.73,551.68,428.951,541.44,413.876,544,400.171,510.72,372.762,478.72,360.428,448,360.428,405.76,378.244,377.6,407.024,360.96,446.767,360.96,489.251,372.48,518.03,400.64,548.18,437.76,560.514]],"iscrowd":0},{"id":47,"image_id":44,"category_id":3,"bbox":[367,77,181.76,208.308],"area":37862.126,"segmentation":[[423.68,278.201,446.72,285.054,491.52,280.942,514.56,267.238,540.16,232.976,549.12,197.345,544,150.749,520.96,109.636,491.52,87.709,427.52,76.745,387.84,113.747,368.64,156.231,367.36,193.233,376.32,226.124,387.84,246.681,423.68,278.201]],"iscrowd":0},{"id":48,"image_id":45,"category_id":3,"bbox":[65,125,512.464,425.6],"area":218104.58,"segmentation":[[157.681,425.6,194.783,425.6,236.522,460.8,241.159,528,252.754,550.4,280.58,499.2,352.464,470.4,408.116,400,433.623,419.2,477.681,419.2,533.333,390.4,565.797,339.2,577.391,275.2,570.435,230.4,544.928,179.2,510.145,147.2,461.449,128,155.362,124.8,104.348,153.6,81.159,185.6,67.246,230.4,64.928,300.8,81.159,364.8,125.217,409.6,157.681,425.6]],"iscrowd":0},{"id":49,"image_id":46,"category_id":3,"bbox":[123,204,303.36,222.943],"area":67631.971,"segmentation":[[151.04,319.039,161.28,301.742,212.48,353.634,226.56,392.072,235.52,382.462,235.52,370.931,247.04,372.853,244.48,365.165,259.84,351.712,272.64,355.556,282.88,386.306,295.68,405.526,325.12,426.667,372.48,418.979,398.08,399.76,414.72,372.853,426.24,330.571,424.96,284.444,413.44,249.85,390.4,217.177,364.8,203.724,327.68,205.646,296.96,226.787,276.48,257.538,268.8,301.742,247.04,301.742,239.36,324.805,220.16,340.18,181.76,307.508,135.68,249.85,124.16,246.006,122.88,255.616,142.08,280.601,142.08,313.273,151.04,319.039]],"iscrowd":0},{"id":50,"image_id":47,"category_id":4,"bbox":[245,148,130,163.75],"area":21287.5,"segmentation":[[258.75,297.5,305,311.25,353.75,287.5,375,221.25,375,198.75,356.25,157.5,310,147.5,275,167.5,252.5,203.75,245,232.5,245,262.5,247.5,282.5,258.75,297.5]],"iscrowd":0},{"id":51,"image_id":48,"category_id":3,"bbox":[128,150,412.16,297.052],"area":122432.867,"segmentation":[[198.4,443.665,220.16,447.49,257.28,444.94,300.8,428.367,337.92,395.219,353.28,362.072,352,316.175,369.92,293.227,418.56,275.378,426.24,265.179,458.24,254.98,469.76,233.307,540.16,235.857,531.2,229.482,523.52,228.207,519.68,233.307,487.68,220.558,465.92,224.382,448,239.681,430.08,234.582,413.44,224.382,414.72,188.685,405.76,172.112,377.6,150.438,348.16,150.438,328.96,160.637,311.04,186.135,309.76,212.908,326.4,239.681,317.44,254.98,299.52,244.781,271.36,238.406,235.52,239.681,207.36,248.606,180.48,263.904,151.04,289.402,138.24,308.526,128,339.124,129.28,381.195,138.24,401.594,154.88,420.717,198.4,443.665]],"iscrowd":0},{"id":52,"image_id":49,"category_id":1,"bbox":[210,106,238.75,373.75],"area":89232.813,"segmentation":[[281.25,471.25,323.75,480,356.25,478.75,396.25,448.75,423.75,417.5,446.25,353.75,448.75,296.25,443.75,256.25,403.75,165,370,127.5,333.75,106.25,323.75,106.25,291.25,130,265,160,233.75,221.25,211.25,333.75,210,380,215,407.5,238.75,445,281.25,471.25]],"iscrowd":0},{"id":53,"image_id":50,"category_id":3,"bbox":[173,131,302.933,352],"area":106632.533,"segmentation":[[234.667,483.2,279.467,464,322.133,384,354.133,448,401.067,480,448,460.8,475.733,400,469.333,326.4,428.8,265.6,392.533,246.4,343.467,265.6,309.333,236.8,302.933,172.8,334.933,131.2,281.6,176,256,220.8,209.067,252.8,177.067,326.4,172.8,390.4,179.2,419.2,196.267,454.4,234.667,483.2]],"iscrowd":0},{"id":54,"image_id":51,"category_id":1,"bbox":[261,98,133.75,452.5],"area":60521.875,"segmentation":[[332.5,546.25,341.25,550,373.75,546.25,380,526.25,391.25,512.5,395,477.5,377.5,156.25,368.75,108.75,358.75,97.5,343.75,98.75,330,111.25,301.25,160,272.5,242.5,265,295,261.25,330,265,405,290,482.5,332.5,546.25]],"iscrowd":0},{"id":55,"image_id":52,"category_id":2,"bbox":[105,219,337.5,246.25],"area":83109.375,"segmentation":[[220,461.25,283.75,465,320,455,347.5,441.25,393.75,401.25,432.5,342.5,441.25,312.5,442.5,276.25,436.25,252.5,422.5,230,408.75,220,391.25,218.75,371.25,226.25,352.5,241.25,336.25,265,330,291.25,267.5,316.25,247.5,317.5,230,311.25,162.5,273.75,131.25,278.75,106.25,312.5,105,345,113.75,378.75,168.75,432.5,220,461.25]],"iscrowd":0},{"id":56,"image_id":53,"category_id":3,"bbox":[84,91,424.039,431.895],"area":183140.681,"segmentation":[[193.892,504.052,236.453,517.647,286.897,522.876,337.34,517.647,392.512,506.144,460.296,462.222,487.094,429.804,501.281,400.523,507.586,332.549,487.094,289.673,447.685,258.301,431.921,252.026,384.631,199.739,387.783,178.824,408.276,133.856,405.123,110.85,392.512,90.98,379.901,96.209,383.054,136.993,357.833,189.281,272.259,227.974,228.571,230.065,171.823,255.163,130.837,283.399,108.768,306.405,93.005,331.503,83.547,362.876,85.123,407.843,111.921,450.719,165.517,489.412,193.892,504.052]],"iscrowd":0},{"id":57,"image_id":54,"category_id":4,"bbox":[213,158,145,292.5],"area":42412.5,"segmentation":[[242.5,425,267.5,450,297.5,448.75,315,430,357.5,310,357.5,271.25,347.5,206.25,337.5,178.75,327.5,166.25,276.25,157.5,256.25,172.5,235,211.25,230,251.25,212.5,310,212.5,351.25,227.5,403.75,238.75,410,242.5,425]],"iscrowd":0},{"id":58,"image_id":55,"category_id":2,"bbox":[213,44,182.5,355],"area":64787.5,"segmentation":[[266.666,390,290,398.75,305,395,361.25,371.25,390,337.5,395,303.75,390,241.25,370,168.75,345,105,353.75,77.5,353.75,61.25,338.75,45,322.5,43.75,310,50,292.5,70,257.5,151.25,212.5,285,216.25,355,233.75,381.25,252.5,390,266.666,390]],"iscrowd":0},{"id":59,"image_id":56,"category_id":4,"bbox":[239,143,157.5,342.5],"area":53943.75,"segmentation":[[272.5,470,297.5,481.25,337.5,485,362.5,477.5,383.75,452.5,392.5,417.5,396.25,290,371.25,193.75,356.25,166.25,331.25,147.5,310,142.5,292.5,145,266.25,158.75,248.75,201.25,240,263.75,238.75,377.5,243.75,427.5,250,446.25,272.5,470]],"iscrowd":0},{"id":60,"image_id":57,"category_id":2,"bbox":[155,229,341.25,208.75],"area":71235.938,"segmentation":[[332.5,427.5,435,437.5,460,425,480,402.5,496.25,336.25,485,280,465,247.5,421.25,232.5,371.25,228.75,303.75,243.75,243.75,272.5,180,310,156.25,341.25,155,356.25,162.5,370,188.75,386.25,332.5,427.5]],"iscrowd":0},{"id":61,"image_id":58,"category_id":2,"bbox":[91,231,383.75,253.75],"area":97376.563,"segmentation":[[181.25,445,235,470,290,483.75,327.5,485,347.5,480,372.5,470,410,443.75,448.75,400,460,376.25,475,321.25,473.75,287.5,466.25,270,440,240,416.25,231.25,356.25,243.75,336.25,271.25,320,328.75,300,340,285,341.25,253.75,333.75,190,278.75,138.75,253.75,105,257.5,91.25,282.5,91.25,317.5,98.75,352.5,135,405,181.25,445]],"iscrowd":0},{"id":62,"image_id":59,"category_id":4,"bbox":[299,100,105,230],"area":24150,"segmentation":[[345,330,358.75,325,393.75,260,403.75,212.5,401.25,180,378.75,138.75,340,102.5,322.5,100,306.25,117.5,302.5,133.75,298.75,155,300,288.75,331.25,330,345,330]],"iscrowd":0},{"id":63,"image_id":60,"category_id":2,"bbox":[38,175,178.75,437.5],"area":78203.125,"segmentation":[[100,600,152.5,612.5,178.75,608.75,196.25,582.5,208.75,550,216.25,511.25,216.25,481.25,195,353.75,172.5,261.25,158.75,220,130,178.75,117.5,175,101.25,177.5,85,197.5,62.5,275,55,342.5,43.75,367.5,38.75,393.75,37.5,517.5,50,551.25,71.25,581.25,100,600]],"iscrowd":0},{"id":64,"image_id":61,"category_id":2,"bbox":[126,299,196.25,150],"area":29437.5,"segmentation":[[240,448.75,275,445,297.5,430,311.25,412.5,322.5,373.75,310,347.5,306.25,323.75,277.5,302.5,255,298.75,226.25,300,182.5,313.75,140,347.5,126.25,367.5,127.5,391.25,148.75,413.75,188.75,437.5,240,448.75]],"iscrowd":0},{"id":65,"image_id":62,"category_id":1,"bbox":[200,174,132.5,327.5],"area":43393.75,"segmentation":[[262.5,501.25,286.25,495,308.75,473.75,325,442.5,332.5,392.5,332.5,340,326.25,270,317.5,237.5,308.75,218.75,270,173.75,260,177.5,223.75,230,211.25,263.75,202.5,316.25,200,396.25,213.75,457.5,243.75,495,262.5,501.25]],"iscrowd":0},{"id":66,"image_id":63,"category_id":2,"bbox":[168,86,167.5,322.5],"area":54018.75,"segmentation":[[242.5,408.75,293.75,405,323.75,377.5,335,317.5,322.5,195,305,127.5,283.75,92.5,260,86.25,241.25,98.75,232.5,151.25,195,216.25,172.5,276.25,167.5,306.25,170,352.5,191.25,377.5,242.5,408.75]],"iscrowd":0},{"id":67,"image_id":64,"category_id":2,"bbox":[106,295,188.75,132.5],"area":25009.375,"segmentation":[[173.75,427.5,220,427.5,252.5,421.25,286.25,400,293.75,378.75,295,348.75,287.5,328.75,237.5,297.5,181.25,295,162.5,300,117.5,325,107.5,345,106.25,380,115,400,135,415,173.75,427.5]],"iscrowd":0},{"id":68,"image_id":65,"category_id":4,"bbox":[325,101,95,345],"area":32775,"segmentation":[[361.25,446.25,382.5,446.25,398.75,433.75,410,412.5,418.75,362.5,420,320,410,248.75,410,151.25,401.25,122.5,381.25,101.25,361.25,107.5,341.25,138.75,331.25,217.5,325,307.5,336.25,405,345,426.25,361.25,446.25]],"iscrowd":0},{"id":69,"image_id":66,"category_id":3,"bbox":[97,57,229.156,489.143],"area":112090.025,"segmentation":[[188.235,546.286,230.793,541.714,274.987,512,301.176,473.143,322.455,413.714,325.729,317.714,301.176,242.286,245.524,187.429,235.703,114.286,247.161,57.143,240.614,57.143,232.43,80,217.698,169.143,144.041,210.286,116.215,256,96.573,329.143,96.573,413.714,104.757,450.286,152.225,530.286,188.235,546.286]],"iscrowd":0},{"id":70,"image_id":67,"category_id":2,"bbox":[143,204,168.75,261.25],"area":44085.938,"segmentation":[[212.5,462.5,246.25,465,272.5,457.5,296.25,440,308.75,413.75,311.25,320,286.25,243.75,265,213.75,245,203.75,226.25,205,198.75,225,177.5,295,160,306.25,142.5,352.5,143.75,411.25,152.5,423.75,181.25,446.25,212.5,462.5]],"iscrowd":0},{"id":71,"image_id":68,"category_id":2,"bbox":[310,5,201.25,375],"area":75468.75,"segmentation":[[381.25,373.75,400,380,416.25,377.5,473.75,343.75,493.75,323.75,511.25,270,511.25,232.5,496.25,187.5,477.5,51.25,463.75,26.25,446.25,10,432.5,5,401.25,10,366.25,27.5,350,46.25,338.75,73.75,311.25,228.75,310,280,320,320,343.75,351.25,381.25,373.75]],"iscrowd":0},{"id":72,"image_id":69,"category_id":4,"bbox":[276,215,101.25,131.25],"area":13289.063,"segmentation":[[351.25,341.25,376.25,293.75,377.5,258.75,370,240,346.25,232.5,333.75,218.75,320,215,292.5,240,276.25,293.75,280,325,287.5,335,322.5,346.25,351.25,341.25]],"iscrowd":0}]}