{"info":{"year":"2025","version":"1","description":"Exported from roboflow.com","contributor":"","url":"https://public.roboflow.com/object-detection/undefined","date_created":"2025-05-31T11:54:50+00:00"},"licenses":[{"id":1,"url":"https://creativecommons.org/licenses/by/4.0/","name":"CC BY 4.0"}],"categories":[{"id":0,"name":"cashew-raisins-almond-grapes","supercategory":"none"},{"id":1,"name":"almond","supercategory":"cashew-raisins-almond-grapes"},{"id":2,"name":"cashew","supercategory":"cashew-raisins-almond-grapes"},{"id":3,"name":"grapes","supercategory":"cashew-raisins-almond-grapes"},{"id":4,"name":"raisin","supercategory":"cashew-raisins-almond-grapes"}],"images":[{"id":0,"license":1,"file_name":"ALMOND_REGULAR_ALMOND_REGULAR_806_jpg.rf.3ddf5b24ca65631dbf1fb528a6d7fa3d.jpg","height":640,"width":640,"date_captured":"2025-05-31T11:54:50+00:00","extra":{"name":"ALMOND_REGULAR_ALMOND_REGULAR_806.jpg"}},{"id":1,"license":1,"file_name":"red-grape-on-white-background-close-up-free-photo_webp.rf.99b7676c09ce5aca265059c2f3480c57.jpg","height":640,"width":640,"date_captured":"2025-05-31T11:54:50+00:00","extra":{"name":"red-grape-on-white-background-close-up-free-photo.webp"}},{"id":2,"license":1,"file_name":"ALMOND_MAMRA_ALMOND_MAMRA_180_jpg.rf.03d3e296bd5232416bf34b7013cd6a45.jpg","height":640,"width":640,"date_captured":"2025-05-31T11:54:50+00:00","extra":{"name":"ALMOND_MAMRA_ALMOND_MAMRA_180.jpg"}},{"id":3,"license":1,"file_name":"RAISIN_BLACK_RAISIN_BLACK_128_jpg.rf.909415b8fb5239cf9483b04b86259cb2.jpg","height":640,"width":640,"date_captured":"2025-05-31T11:54:50+00:00","extra":{"name":"RAISIN_BLACK_RAISIN_BLACK_128.jpg"}},{"id":4,"license":1,"file_name":"CASHEW_SPECIAL_CASHEW_SPECIAL_552_jpg.rf.7dbe7311bedf26de602f82fa84c13adf.jpg","height":640,"width":640,"date_captured":"2025-05-31T11:54:50+00:00","extra":{"name":"CASHEW_SPECIAL_CASHEW_SPECIAL_552.jpg"}},{"id":5,"license":1,"file_name":"ALMOND_REGULAR_ALMOND_REGULAR_333_jpg.rf.cab92353a39c5ac22c196fbe00528670.jpg","height":640,"width":640,"date_captured":"2025-05-31T11:54:50+00:00","extra":{"name":"ALMOND_REGULAR_ALMOND_REGULAR_333.jpg"}},{"id":6,"license":1,"file_name":"CASHEW_REGULAR_CASHEW_REGULAR_737_jpg.rf.506df3b13e957366012a578e5c518450.jpg","height":640,"width":640,"date_captured":"2025-05-31T11:54:50+00:00","extra":{"name":"CASHEW_REGULAR_CASHEW_REGULAR_737.jpg"}},{"id":7,"license":1,"file_name":"RAISIN_BLACK_RAISIN_BLACK_246_jpg.rf.83dd41beee37366d397965cee1e66a47.jpg","height":640,"width":640,"date_captured":"2025-05-31T11:54:50+00:00","extra":{"name":"RAISIN_BLACK_RAISIN_BLACK_246.jpg"}},{"id":8,"license":1,"file_name":"ALMOND_SANORA_ALMOND_SANORA_22_jpg.rf.1c4b595c20532ad64e7f9d2b42c0d554.jpg","height":640,"width":640,"date_captured":"2025-05-31T11:54:50+00:00","extra":{"name":"ALMOND_SANORA_ALMOND_SANORA_22.jpg"}},{"id":9,"license":1,"file_name":"RAISIN_PREMIUM_RAISIN_PREMIUM_811_jpg.rf.458e8604b33d870b1b332fdfa1a739d0.jpg","height":640,"width":640,"date_captured":"2025-05-31T11:54:50+00:00","extra":{"name":"RAISIN_PREMIUM_RAISIN_PREMIUM_811.jpg"}},{"id":10,"license":1,"file_name":"360_F_1398457747_LeARvSkUcjYXu0jUuKbWv436VgQ8TPK8_webp.rf.dde327dd531ead532fe13278ec20e33e.jpg","height":640,"width":640,"date_captured":"2025-05-31T11:54:50+00:00","extra":{"name":"360_F_1398457747_LeARvSkUcjYXu0jUuKbWv436VgQ8TPK8.webp"}},{"id":11,"license":1,"file_name":"RAISIN_BLACK_RAISIN_BLACK_812_jpg.rf.ce528a39158ee39b124a418061b45dac.jpg","height":640,"width":640,"date_captured":"2025-05-31T11:54:50+00:00","extra":{"name":"RAISIN_BLACK_RAISIN_BLACK_812.jpg"}},{"id":12,"license":1,"file_name":"ALMOND_SANORA_ALMOND_SANORA_128_jpg.rf.7837550805cd36cc50a97e034f15bfb4.jpg","height":640,"width":640,"date_captured":"2025-05-31T11:54:50+00:00","extra":{"name":"ALMOND_SANORA_ALMOND_SANORA_128.jpg"}},{"id":13,"license":1,"file_name":"RAISIN_PREMIUM_RAISIN_PREMIUM_73_jpg.rf.57d90b7ed424c2615a5f0e075ab26147.jpg","height":640,"width":640,"date_captured":"2025-05-31T11:54:50+00:00","extra":{"name":"RAISIN_PREMIUM_RAISIN_PREMIUM_73.jpg"}},{"id":14,"license":1,"file_name":"front-view-of-fresh-red-grapes-with-half-in-stack-isolated-on-white-background-with-clipping-path-photo_webp.rf.054cbf39bc7f0f2fc68a8bc1030c432c.jpg","height":640,"width":640,"date_captured":"2025-05-31T11:54:50+00:00","extra":{"name":"front-view-of-fresh-red-grapes-with-half-in-stack-isolated-on-white-background-with-clipping-path-photo.webp"}},{"id":15,"license":1,"file_name":"ALMOND_MAMRA_ALMOND_MAMRA_778_jpg.rf.0e88a2c2ab42ad10e5b8142d4ef85bef.jpg","height":640,"width":640,"date_captured":"2025-05-31T11:54:50+00:00","extra":{"name":"ALMOND_MAMRA_ALMOND_MAMRA_778.jpg"}},{"id":16,"license":1,"file_name":"black-grapes-isolated-on-white-background-photo_webp.rf.6e60e2e69faf05f81c93c312b2a005c8.jpg","height":640,"width":640,"date_captured":"2025-05-31T11:54:50+00:00","extra":{"name":"black-grapes-isolated-on-white-background-photo.webp"}},{"id":17,"license":1,"file_name":"CASHEW_REGULAR_CASHEW_REGULAR_357_jpg.rf.64f07632084096bc679ba6e15fb9afbc.jpg","height":640,"width":640,"date_captured":"2025-05-31T11:54:50+00:00","extra":{"name":"CASHEW_REGULAR_CASHEW_REGULAR_357.jpg"}},{"id":18,"license":1,"file_name":"CASHEW_JUMBO_CASHEW_JUMBO_546_jpg.rf.8e2f1ed73e6699a93b9dc1f3c014dda7.jpg","height":640,"width":640,"date_captured":"2025-05-31T11:54:50+00:00","extra":{"name":"CASHEW_JUMBO_CASHEW_JUMBO_546.jpg"}},{"id":19,"license":1,"file_name":"RAISIN_BLACK_RAISIN_BLACK_261_jpg.rf.f3aafc0ca4ba6310ded6502add52bda3.jpg","height":640,"width":640,"date_captured":"2025-05-31T11:54:50+00:00","extra":{"name":"RAISIN_BLACK_RAISIN_BLACK_261.jpg"}},{"id":20,"license":1,"file_name":"CASHEW_SPECIAL_CASHEW_SPECIAL_289_jpg.rf.f8e0aff0ecb55b8f5073f96ef634541d.jpg","height":640,"width":640,"date_captured":"2025-05-31T11:54:50+00:00","extra":{"name":"CASHEW_SPECIAL_CASHEW_SPECIAL_289.jpg"}},{"id":21,"license":1,"file_name":"red-grape-macro_webp.rf.800c111974c3d596ff322b367a2738c4.jpg","height":640,"width":640,"date_captured":"2025-05-31T11:54:50+00:00","extra":{"name":"red-grape-macro.webp"}},{"id":22,"license":1,"file_name":"ALMOND_MAMRA_ALMOND_MAMRA_599_jpg.rf.3ffe5dcace97bee9710255c684820d33.jpg","height":640,"width":640,"date_captured":"2025-05-31T11:54:50+00:00","extra":{"name":"ALMOND_MAMRA_ALMOND_MAMRA_599.jpg"}},{"id":23,"license":1,"file_name":"RAISIN_BLACK_RAISIN_BLACK_568_jpg.rf.032026ff2cf1e62f9ceb1f58489aeb74.jpg","height":640,"width":640,"date_captured":"2025-05-31T11:54:50+00:00","extra":{"name":"RAISIN_BLACK_RAISIN_BLACK_568.jpg"}},{"id":24,"license":1,"file_name":"ALMOND_REGULAR_ALMOND_REGULAR_390_jpg.rf.17a6521484c26f6b714639afa804db4c.jpg","height":640,"width":640,"date_captured":"2025-05-31T11:54:50+00:00","extra":{"name":"ALMOND_REGULAR_ALMOND_REGULAR_390.jpg"}},{"id":25,"license":1,"file_name":"green-grapes-isolated-realistic-green-grapes-on-a-white-background-photo_webp.rf.7fc2c48b09cfec6cf500f852b63f48b1.jpg","height":640,"width":640,"date_captured":"2025-05-31T11:54:50+00:00","extra":{"name":"green-grapes-isolated-realistic-green-grapes-on-a-white-background-photo.webp"}},{"id":26,"license":1,"file_name":"CASHEW_SPECIAL_CASHEW_SPECIAL_46_jpg.rf.772ee010a86b7d9aa4f6ef866e4dc7af.jpg","height":640,"width":640,"date_captured":"2025-05-31T11:54:50+00:00","extra":{"name":"CASHEW_SPECIAL_CASHEW_SPECIAL_46.jpg"}},{"id":27,"license":1,"file_name":"CASHEW_SPECIAL_CASHEW_SPECIAL_724_jpg.rf.51b6fef316450c56d24b390c1ef2462d.jpg","height":640,"width":640,"date_captured":"2025-05-31T11:54:50+00:00","extra":{"name":"CASHEW_SPECIAL_CASHEW_SPECIAL_724.jpg"}},{"id":28,"license":1,"file_name":"CASHEW_REGULAR_CASHEW_REGULAR_200_jpg.rf.d844c9816c92ab5e6843aca2501585f4.jpg","height":640,"width":640,"date_captured":"2025-05-31T11:54:50+00:00","extra":{"name":"CASHEW_REGULAR_CASHEW_REGULAR_200.jpg"}},{"id":29,"license":1,"file_name":"RAISIN_PREMIUM_RAISIN_PREMIUM_25_jpg.rf.bf97aa63f586c884596d14bb4909d86a.jpg","height":640,"width":640,"date_captured":"2025-05-31T11:54:50+00:00","extra":{"name":"RAISIN_PREMIUM_RAISIN_PREMIUM_25.jpg"}},{"id":30,"license":1,"file_name":"ALMOND_SANORA_ALMOND_SANORA_429_jpg.rf.42925129521ba8e73dadbf6ae5d5d5b3.jpg","height":640,"width":640,"date_captured":"2025-05-31T11:54:50+00:00","extra":{"name":"ALMOND_SANORA_ALMOND_SANORA_429.jpg"}},{"id":31,"license":1,"file_name":"RAISIN_GRADE1_RAISIN_GRADE1_726_jpg.rf.2391502d34061edec9237317036f6fff.jpg","height":640,"width":640,"date_captured":"2025-05-31T11:54:50+00:00","extra":{"name":"RAISIN_GRADE1_RAISIN_GRADE1_726.jpg"}},{"id":32,"license":1,"file_name":"RAISIN_BLACK_RAISIN_BLACK_846_jpg.rf.bbc3f59386229966dbfe3efae0771cec.jpg","height":640,"width":640,"date_captured":"2025-05-31T11:54:50+00:00","extra":{"name":"RAISIN_BLACK_RAISIN_BLACK_846.jpg"}},{"id":33,"license":1,"file_name":"ALMOND_REGULAR_ALMOND_REGULAR_285_jpg.rf.af8bcbd952b0e90abeab468ccc52b9fc.jpg","height":640,"width":640,"date_captured":"2025-05-31T11:54:50+00:00","extra":{"name":"ALMOND_REGULAR_ALMOND_REGULAR_285.jpg"}},{"id":34,"license":1,"file_name":"green-grape-isolated-on-white_webp.rf.1804b9397b59abb3afc8d229b13ab7a0.jpg","height":640,"width":640,"date_captured":"2025-05-31T11:54:50+00:00","extra":{"name":"green-grape-isolated-on-white.webp"}},{"id":35,"license":1,"file_name":"high-angle-view-grapes-white-fabric_1048944-17885048_webp.rf.0a00e8bbf6c2e1bf895cbe1195ba6d9f.jpg","height":640,"width":640,"date_captured":"2025-05-31T11:54:50+00:00","extra":{"name":"high-angle-view-grapes-white-fabric_1048944-17885048.webp"}},{"id":36,"license":1,"file_name":"four-concord-grapes-isolated-on-white_webp.rf.cdd1929f980720a5f33b23d6eae67b99.jpg","height":640,"width":640,"date_captured":"2025-05-31T11:54:50+00:00","extra":{"name":"four-concord-grapes-isolated-on-white.webp"}},{"id":37,"license":1,"file_name":"CASHEW_JUMBO_CASHEW_JUMBO_510_jpg.rf.c7cdf34611908b393cb80096a21bac02.jpg","height":640,"width":640,"date_captured":"2025-05-31T11:54:50+00:00","extra":{"name":"CASHEW_JUMBO_CASHEW_JUMBO_510.jpg"}},{"id":38,"license":1,"file_name":"ALMOND_MAMRA_ALMOND_MAMRA_234_jpg.rf.0f4b0ecaff24374c1fa9064fa7416b24.jpg","height":640,"width":640,"date_captured":"2025-05-31T11:54:50+00:00","extra":{"name":"ALMOND_MAMRA_ALMOND_MAMRA_234.jpg"}},{"id":39,"license":1,"file_name":"360_F_1218179377_guXOLpOhmvKU3CIiq9HuduiE1PWsofRu_webp.rf.ba7f4f1a715388fd4016adf553ebd754.jpg","height":640,"width":640,"date_captured":"2025-05-31T11:54:50+00:00","extra":{"name":"360_F_1218179377_guXOLpOhmvKU3CIiq9HuduiE1PWsofRu.webp"}},{"id":40,"license":1,"file_name":"RAISIN_GRADE1_RAISIN_GRADE1_421_jpg.rf.eceb171ac633fa24408b6f81f6e3548b.jpg","height":640,"width":640,"date_captured":"2025-05-31T11:54:50+00:00","extra":{"name":"RAISIN_GRADE1_RAISIN_GRADE1_421.jpg"}},{"id":41,"license":1,"file_name":"RAISIN_PREMIUM_RAISIN_PREMIUM_164_jpg.rf.dc91173522eb71b6817eb0ffd079624f.jpg","height":640,"width":640,"date_captured":"2025-05-31T11:54:50+00:00","extra":{"name":"RAISIN_PREMIUM_RAISIN_PREMIUM_164.jpg"}},{"id":42,"license":1,"file_name":"CASHEW_SPECIAL_CASHEW_SPECIAL_259_jpg.rf.188fd89d623ac51e4650a0943631a187.jpg","height":640,"width":640,"date_captured":"2025-05-31T11:54:50+00:00","extra":{"name":"CASHEW_SPECIAL_CASHEW_SPECIAL_259.jpg"}},{"id":43,"license":1,"file_name":"CASHEW_JUMBO_CASHEW_JUMBO_187_jpg.rf.6ec76d328626be65f168f974400855cf.jpg","height":640,"width":640,"date_captured":"2025-05-31T11:54:50+00:00","extra":{"name":"CASHEW_JUMBO_CASHEW_JUMBO_187.jpg"}},{"id":44,"license":1,"file_name":"360_F_1085743617_TZyeDIVCjcw4XbqBolKU0WC5ZqNpJ9Rc_webp.rf.ad3c75cc4f64dba03ce5a44afc58eb1d.jpg","height":640,"width":640,"date_captured":"2025-05-31T11:54:50+00:00","extra":{"name":"360_F_1085743617_TZyeDIVCjcw4XbqBolKU0WC5ZqNpJ9Rc.webp"}},{"id":45,"license":1,"file_name":"360_F_1230381194_JkZ4wWbmrdZ0gWxZJXFR6aHQ391xSS2m_webp.rf.fbb5696a3ead5cc8e9dbc43e85d81c84.jpg","height":640,"width":640,"date_captured":"2025-05-31T11:54:50+00:00","extra":{"name":"360_F_1230381194_JkZ4wWbmrdZ0gWxZJXFR6aHQ391xSS2m.webp"}},{"id":46,"license":1,"file_name":"CASHEW_JUMBO_CASHEW_JUMBO_466_jpg.rf.0a5db29da035f2dd385bb4d8f9bc7a1b.jpg","height":640,"width":640,"date_captured":"2025-05-31T11:54:50+00:00","extra":{"name":"CASHEW_JUMBO_CASHEW_JUMBO_466.jpg"}},{"id":47,"license":1,"file_name":"RAISIN_PREMIUM_RAISIN_PREMIUM_186_jpg.rf.5a7e15e6736c3ef7dc2b4c316cdc49fb.jpg","height":640,"width":640,"date_captured":"2025-05-31T11:54:50+00:00","extra":{"name":"RAISIN_PREMIUM_RAISIN_PREMIUM_186.jpg"}},{"id":48,"license":1,"file_name":"ALMOND_SANORA_ALMOND_SANORA_113_jpg.rf.d6a438a98e252478f4a6d127fea04815.jpg","height":640,"width":640,"date_captured":"2025-05-31T11:54:50+00:00","extra":{"name":"ALMOND_SANORA_ALMOND_SANORA_113.jpg"}},{"id":49,"license":1,"file_name":"CASHEW_JUMBO_CASHEW_JUMBO_479_jpg.rf.3b4ab965a37071449accc981fbcabb71.jpg","height":640,"width":640,"date_captured":"2025-05-31T11:54:50+00:00","extra":{"name":"CASHEW_JUMBO_CASHEW_JUMBO_479.jpg"}},{"id":50,"license":1,"file_name":"CASHEW_SPECIAL_CASHEW_SPECIAL_171_jpg.rf.bb3d5ea2103be958900291dc9dc12749.jpg","height":640,"width":640,"date_captured":"2025-05-31T11:54:50+00:00","extra":{"name":"CASHEW_SPECIAL_CASHEW_SPECIAL_171.jpg"}},{"id":51,"license":1,"file_name":"ALMOND_SANORA_ALMOND_SANORA_42_jpg.rf.da42bd6e053e8fa6e63ee817b8a5bf11.jpg","height":640,"width":640,"date_captured":"2025-05-31T11:54:50+00:00","extra":{"name":"ALMOND_SANORA_ALMOND_SANORA_42.jpg"}},{"id":52,"license":1,"file_name":"red-seedless-grape_webp.rf.57cbbc07053e648e4d998d3091a26be7.jpg","height":640,"width":640,"date_captured":"2025-05-31T11:54:50+00:00","extra":{"name":"red-seedless-grape.webp"}},{"id":53,"license":1,"file_name":"RAISIN_PREMIUM_RAISIN_PREMIUM_244_jpg.rf.39516a97543c531f76d7801849cfc969.jpg","height":640,"width":640,"date_captured":"2025-05-31T11:54:50+00:00","extra":{"name":"RAISIN_PREMIUM_RAISIN_PREMIUM_244.jpg"}},{"id":54,"license":1,"file_name":"CASHEW_REGULAR_CASHEW_REGULAR_394_jpg.rf.e1153fcda05b39829bb0cef83e240948.jpg","height":640,"width":640,"date_captured":"2025-05-31T11:54:50+00:00","extra":{"name":"CASHEW_REGULAR_CASHEW_REGULAR_394.jpg"}},{"id":55,"license":1,"file_name":"ALMOND_MAMRA_ALMOND_MAMRA_192_jpg.rf.10d0156c8a85c3cf9e96eb9f10fb46d5.jpg","height":640,"width":640,"date_captured":"2025-05-31T11:54:50+00:00","extra":{"name":"ALMOND_MAMRA_ALMOND_MAMRA_192.jpg"}},{"id":56,"license":1,"file_name":"RAISIN_BLACK_RAISIN_BLACK_793_jpg.rf.cfa2aa9c42ba1e4d2c94d50c487e421a.jpg","height":640,"width":640,"date_captured":"2025-05-31T11:54:50+00:00","extra":{"name":"RAISIN_BLACK_RAISIN_BLACK_793.jpg"}},{"id":57,"license":1,"file_name":"CASHEW_JUMBO_CASHEW_JUMBO_310_jpg.rf.41c72ef6b41489f0235f633c0c2dea2a.jpg","height":640,"width":640,"date_captured":"2025-05-31T11:54:50+00:00","extra":{"name":"CASHEW_JUMBO_CASHEW_JUMBO_310.jpg"}},{"id":58,"license":1,"file_name":"ALMOND_REGULAR_ALMOND_REGULAR_578_jpg.rf.f5491886bf6c47046cfaac2233619b94.jpg","height":640,"width":640,"date_captured":"2025-05-31T11:54:50+00:00","extra":{"name":"ALMOND_REGULAR_ALMOND_REGULAR_578.jpg"}},{"id":59,"license":1,"file_name":"two-purple-grapes-with-green-stems_webp.rf.b1c60c9506e3eba66ce44d512ee5cce2.jpg","height":640,"width":640,"date_captured":"2025-05-31T11:54:50+00:00","extra":{"name":"two-purple-grapes-with-green-stems.webp"}},{"id":60,"license":1,"file_name":"RAISIN_GRADE1_RAISIN_GRADE1_886_jpg.rf.448ff0415fd07b0633dee82ba180bbb7.jpg","height":640,"width":640,"date_captured":"2025-05-31T11:54:50+00:00","extra":{"name":"RAISIN_GRADE1_RAISIN_GRADE1_886.jpg"}},{"id":61,"license":1,"file_name":"CASHEW_REGULAR_CASHEW_REGULAR_605_jpg.rf.c9cf8a12516394212a3ba02582676b94.jpg","height":640,"width":640,"date_captured":"2025-05-31T11:54:50+00:00","extra":{"name":"CASHEW_REGULAR_CASHEW_REGULAR_605.jpg"}},{"id":62,"license":1,"file_name":"CASHEW_SPECIAL_CASHEW_SPECIAL_471_jpg.rf.a2e82b4dbec37197e596216100cafc94.jpg","height":640,"width":640,"date_captured":"2025-05-31T11:54:50+00:00","extra":{"name":"CASHEW_SPECIAL_CASHEW_SPECIAL_471.jpg"}},{"id":63,"license":1,"file_name":"CASHEW_JUMBO_CASHEW_JUMBO_904_jpg.rf.a52cbd596fedd34adbd2f588cb6943df.jpg","height":640,"width":640,"date_captured":"2025-05-31T11:54:50+00:00","extra":{"name":"CASHEW_JUMBO_CASHEW_JUMBO_904.jpg"}},{"id":64,"license":1,"file_name":"ripe-red-grape-isolated-on-white-with-clipping-path-full-depth-of-field_webp.rf.64715c931bd83b5d2293e638e3473b3d.jpg","height":640,"width":640,"date_captured":"2025-05-31T11:54:50+00:00","extra":{"name":"ripe-red-grape-isolated-on-white-with-clipping-path-full-depth-of-field.webp"}},{"id":65,"license":1,"file_name":"RAISIN_PREMIUM_RAISIN_PREMIUM_256_jpg.rf.e8372157c4308bdb4ebb854e55fdc5fe.jpg","height":640,"width":640,"date_captured":"2025-05-31T11:54:50+00:00","extra":{"name":"RAISIN_PREMIUM_RAISIN_PREMIUM_256.jpg"}},{"id":66,"license":1,"file_name":"ALMOND_SANORA_ALMOND_SANORA_905_jpg.rf.3b342661884af165b9f4368a1134b76a.jpg","height":640,"width":640,"date_captured":"2025-05-31T11:54:50+00:00","extra":{"name":"ALMOND_SANORA_ALMOND_SANORA_905.jpg"}},{"id":67,"license":1,"file_name":"ALMOND_MAMRA_ALMOND_MAMRA_7_jpg.rf.1a25c06ef357d60556528edaf57b29ca.jpg","height":640,"width":640,"date_captured":"2025-05-31T11:54:50+00:00","extra":{"name":"ALMOND_MAMRA_ALMOND_MAMRA_7.jpg"}},{"id":68,"license":1,"file_name":"white-grapes_webp.rf.ee5b765e9ff1dd914b914728de18201d.jpg","height":640,"width":640,"date_captured":"2025-05-31T11:54:50+00:00","extra":{"name":"white-grapes.webp"}},{"id":69,"license":1,"file_name":"a-single-grape-on-a-white-wall-photo_webp.rf.5bc3e07142344b723fe7b40ef42a7017.jpg","height":640,"width":640,"date_captured":"2025-05-31T11:54:50+00:00","extra":{"name":"a-single-grape-on-a-white-wall-photo.webp"}}],"annotations":[{"id":0,"image_id":0,"category_id":1,"bbox":[109,223,135,346.5],"area":46777.5,"segmentation":[],"iscrowd":0},{"id":1,"image_id":1,"category_id":3,"bbox":[165,156,323.5,359],"area":116136.5,"segmentation":[],"iscrowd":0},{"id":2,"image_id":2,"category_id":1,"bbox":[254,89,181,472.5],"area":85522.5,"segmentation":[],"iscrowd":0},{"id":3,"image_id":3,"category_id":4,"bbox":[205,153,161,306.5],"area":49346.5,"segmentation":[],"iscrowd":0},{"id":4,"image_id":4,"category_id":2,"bbox":[215,288,239,208.5],"area":49831.5,"segmentation":[],"iscrowd":0},{"id":5,"image_id":5,"category_id":1,"bbox":[231,181,166.5,246],"area":40959,"segmentation":[],"iscrowd":0},{"id":6,"image_id":6,"category_id":2,"bbox":[119,289,213.5,169.5],"area":36188.25,"segmentation":[],"iscrowd":0},{"id":7,"image_id":7,"category_id":4,"bbox":[271,262,144.5,171],"area":24709.5,"segmentation":[],"iscrowd":0},{"id":8,"image_id":8,"category_id":1,"bbox":[226,228,171,260.5],"area":44545.5,"segmentation":[],"iscrowd":0},{"id":9,"image_id":9,"category_id":4,"bbox":[274,286,84,137],"area":11508,"segmentation":[],"iscrowd":0},{"id":10,"image_id":10,"category_id":3,"bbox":[99,127,252.5,404],"area":102010,"segmentation":[],"iscrowd":0},{"id":11,"image_id":11,"category_id":4,"bbox":[240,142,143,173],"area":24739,"segmentation":[],"iscrowd":0},{"id":12,"image_id":12,"category_id":1,"bbox":[191,153,209,341.5],"area":71373.5,"segmentation":[],"iscrowd":0},{"id":13,"image_id":13,"category_id":4,"bbox":[224,94,240,381.5],"area":91560,"segmentation":[],"iscrowd":0},{"id":14,"image_id":14,"category_id":3,"bbox":[56,100,529,456.5],"area":241488.5,"segmentation":[],"iscrowd":0},{"id":15,"image_id":15,"category_id":1,"bbox":[277,174,105.5,357.5],"area":37716.25,"segmentation":[],"iscrowd":0},{"id":16,"image_id":16,"category_id":3,"bbox":[158,123,379,444.5],"area":168465.5,"segmentation":[],"iscrowd":0},{"id":17,"image_id":17,"category_id":2,"bbox":[246,168,263,387.5],"area":101912.5,"segmentation":[],"iscrowd":0},{"id":18,"image_id":18,"category_id":2,"bbox":[204,288,244,234.5],"area":57218,"segmentation":[],"iscrowd":0},{"id":19,"image_id":19,"category_id":4,"bbox":[213,174,216.5,302.5],"area":65491.25,"segmentation":[],"iscrowd":0},{"id":20,"image_id":20,"category_id":2,"bbox":[149,218,366,230.5],"area":84363,"segmentation":[],"iscrowd":0},{"id":21,"image_id":21,"category_id":3,"bbox":[62,69,377.5,542],"area":204605,"segmentation":[],"iscrowd":0},{"id":22,"image_id":22,"category_id":1,"bbox":[250,222,121,187],"area":22627,"segmentation":[],"iscrowd":0},{"id":23,"image_id":23,"category_id":4,"bbox":[269,173,169,310.5],"area":52474.5,"segmentation":[],"iscrowd":0},{"id":24,"image_id":24,"category_id":4,"bbox":[278,199,134.5,216.5],"area":29119.25,"segmentation":[],"iscrowd":0},{"id":25,"image_id":25,"category_id":3,"bbox":[165,150,266,320.5],"area":85253,"segmentation":[],"iscrowd":0},{"id":26,"image_id":26,"category_id":2,"bbox":[212,65,197.5,503.5],"area":99441.25,"segmentation":[],"iscrowd":0},{"id":27,"image_id":27,"category_id":2,"bbox":[92,208,363.5,265.5],"area":96509.25,"segmentation":[],"iscrowd":0},{"id":28,"image_id":28,"category_id":2,"bbox":[190,203,249,161.5],"area":40213.5,"segmentation":[],"iscrowd":0},{"id":29,"image_id":29,"category_id":4,"bbox":[278,142,178.5,321],"area":57298.5,"segmentation":[],"iscrowd":0},{"id":30,"image_id":30,"category_id":1,"bbox":[220,169,204,317.5],"area":64770,"segmentation":[],"iscrowd":0},{"id":31,"image_id":31,"category_id":4,"bbox":[225,127,183,371],"area":67893,"segmentation":[],"iscrowd":0},{"id":32,"image_id":32,"category_id":4,"bbox":[224,148,151,195.5],"area":29520.5,"segmentation":[],"iscrowd":0},{"id":33,"image_id":33,"category_id":1,"bbox":[259,256,146,186],"area":27156,"segmentation":[],"iscrowd":0},{"id":34,"image_id":34,"category_id":3,"bbox":[143,109,347,395],"area":137065,"segmentation":[],"iscrowd":0},{"id":35,"image_id":35,"category_id":3,"bbox":[115,135,353.5,330],"area":116655,"segmentation":[],"iscrowd":0},{"id":36,"image_id":36,"category_id":3,"bbox":[71,70,225,222.5],"area":50062.5,"segmentation":[],"iscrowd":0},{"id":37,"image_id":36,"category_id":3,"bbox":[355,61,204.5,234.5],"area":47955.25,"segmentation":[],"iscrowd":0},{"id":38,"image_id":36,"category_id":3,"bbox":[78,349,211.5,230.5],"area":48750.75,"segmentation":[],"iscrowd":0},{"id":39,"image_id":36,"category_id":3,"bbox":[349,349,216.5,221.5],"area":47954.75,"segmentation":[],"iscrowd":0},{"id":40,"image_id":37,"category_id":2,"bbox":[81,221,404,273],"area":110292,"segmentation":[],"iscrowd":0},{"id":41,"image_id":38,"category_id":1,"bbox":[186,77,216,442],"area":95472,"segmentation":[],"iscrowd":0},{"id":42,"image_id":39,"category_id":3,"bbox":[79,168,483.5,451.5],"area":218300.25,"segmentation":[],"iscrowd":0},{"id":43,"image_id":40,"category_id":4,"bbox":[326,74,123,384.5],"area":47293.5,"segmentation":[],"iscrowd":0},{"id":44,"image_id":41,"category_id":4,"bbox":[308,354,120.5,198.5],"area":23919.25,"segmentation":[],"iscrowd":0},{"id":45,"image_id":42,"category_id":2,"bbox":[175,134,244,377.5],"area":92110,"segmentation":[],"iscrowd":0},{"id":46,"image_id":43,"category_id":2,"bbox":[200,265,176.5,232.5],"area":41036.25,"segmentation":[],"iscrowd":0},{"id":47,"image_id":44,"category_id":3,"bbox":[135,57,372.5,573],"area":213442.5,"segmentation":[],"iscrowd":0},{"id":48,"image_id":45,"category_id":3,"bbox":[46,175,295,343.5],"area":101332.5,"segmentation":[],"iscrowd":0},{"id":49,"image_id":46,"category_id":2,"bbox":[201,34,203,370.5],"area":75211.5,"segmentation":[],"iscrowd":0},{"id":50,"image_id":47,"category_id":4,"bbox":[255,146,108,200],"area":21600,"segmentation":[],"iscrowd":0},{"id":51,"image_id":48,"category_id":1,"bbox":[265,108,148,368.5],"area":54538,"segmentation":[],"iscrowd":0},{"id":52,"image_id":49,"category_id":2,"bbox":[251,99,184,189.5],"area":34868,"segmentation":[],"iscrowd":0},{"id":53,"image_id":50,"category_id":2,"bbox":[295,0,230,387.5],"area":89125,"segmentation":[],"iscrowd":0},{"id":54,"image_id":51,"category_id":1,"bbox":[70,207,480,196],"area":94080,"segmentation":[],"iscrowd":0},{"id":55,"image_id":52,"category_id":3,"bbox":[212,186,223.5,269],"area":60121.5,"segmentation":[],"iscrowd":0},{"id":56,"image_id":53,"category_id":4,"bbox":[302,162,153.5,198],"area":30393,"segmentation":[],"iscrowd":0},{"id":57,"image_id":54,"category_id":2,"bbox":[25,161,213,469],"area":99897,"segmentation":[],"iscrowd":0},{"id":58,"image_id":55,"category_id":1,"bbox":[223,226,186.5,169],"area":31518.5,"segmentation":[],"iscrowd":0},{"id":59,"image_id":56,"category_id":4,"bbox":[211,192,171.5,226],"area":38759,"segmentation":[],"iscrowd":0},{"id":60,"image_id":57,"category_id":2,"bbox":[178,38,302.5,530.5],"area":160476.25,"segmentation":[],"iscrowd":0},{"id":61,"image_id":58,"category_id":1,"bbox":[164,54,220,340.5],"area":74910,"segmentation":[],"iscrowd":0},{"id":62,"image_id":59,"category_id":3,"bbox":[86,168,480.5,370.5],"area":178025.25,"segmentation":[],"iscrowd":0},{"id":63,"image_id":60,"category_id":4,"bbox":[269,218,114,192.5],"area":21945,"segmentation":[],"iscrowd":0},{"id":64,"image_id":61,"category_id":2,"bbox":[81,212,355,226],"area":80230,"segmentation":[],"iscrowd":0},{"id":65,"image_id":62,"category_id":2,"bbox":[173,46,218.5,268],"area":58558,"segmentation":[],"iscrowd":0},{"id":66,"image_id":63,"category_id":2,"bbox":[120,269,398,195.5],"area":77809,"segmentation":[],"iscrowd":0},{"id":67,"image_id":64,"category_id":3,"bbox":[52,61,529.5,479.5],"area":253895.25,"segmentation":[],"iscrowd":0},{"id":68,"image_id":65,"category_id":4,"bbox":[313,92,116.5,379],"area":44153.5,"segmentation":[],"iscrowd":0},{"id":69,"image_id":66,"category_id":1,"bbox":[180,221,150,228],"area":34200,"segmentation":[],"iscrowd":0},{"id":70,"image_id":67,"category_id":1,"bbox":[145,209,297,161.5],"area":47965.5,"segmentation":[],"iscrowd":0},{"id":71,"image_id":68,"category_id":3,"bbox":[85,83,493.5,496],"area":244776,"segmentation":[],"iscrowd":0},{"id":72,"image_id":69,"category_id":3,"bbox":[244,221,129,175.5],"area":22639.5,"segmentation":[],"iscrowd":0}]}