{"info":{"year":"2025","version":"2","description":"Exported from roboflow.com","contributor":"","url":"https://public.roboflow.com/object-detection/undefined","date_created":"2025-06-02T05:38:15+00:00"},"licenses":[{"id":1,"url":"https://creativecommons.org/licenses/by/4.0/","name":"CC BY 4.0"}],"categories":[{"id":0,"name":"cashew-raisins-almond-grapes","supercategory":"none"},{"id":1,"name":"almond","supercategory":"cashew-raisins-almond-grapes"},{"id":2,"name":"cashew","supercategory":"cashew-raisins-almond-grapes"},{"id":3,"name":"grapes","supercategory":"cashew-raisins-almond-grapes"},{"id":4,"name":"raisin","supercategory":"cashew-raisins-almond-grapes"}],"images":[{"id":0,"license":1,"file_name":"ALMOND_MAMRA_ALMOND_MAMRA_778_jpg.rf.af01a4aa43f5d4c11630b442aae40df0.jpg","height":640,"width":640,"date_captured":"2025-06-02T05:38:15+00:00","extra":{"name":"ALMOND_MAMRA_ALMOND_MAMRA_778.jpg"}},{"id":1,"license":1,"file_name":"RAISIN_PREMIUM_RAISIN_PREMIUM_73_jpg.rf.1f2688e60ae6b0a935d2a4d90329f8ed.jpg","height":640,"width":640,"date_captured":"2025-06-02T05:38:15+00:00","extra":{"name":"RAISIN_PREMIUM_RAISIN_PREMIUM_73.jpg"}},{"id":2,"license":1,"file_name":"RAISIN_PREMIUM_RAISIN_PREMIUM_811_jpg.rf.90a57074b90ff93f9416816c9a8dac19.jpg","height":640,"width":640,"date_captured":"2025-06-02T05:38:15+00:00","extra":{"name":"RAISIN_PREMIUM_RAISIN_PREMIUM_811.jpg"}},{"id":3,"license":1,"file_name":"CASHEW_REGULAR_CASHEW_REGULAR_200_jpg.rf.a8a8d3794550ae9b345617f8e41515f8.jpg","height":640,"width":640,"date_captured":"2025-06-02T05:38:15+00:00","extra":{"name":"CASHEW_REGULAR_CASHEW_REGULAR_200.jpg"}},{"id":4,"license":1,"file_name":"ALMOND_REGULAR_ALMOND_REGULAR_390_jpg.rf.3f9bf2540cd9d2c915a9c1d333131532.jpg","height":640,"width":640,"date_captured":"2025-06-02T05:38:15+00:00","extra":{"name":"ALMOND_REGULAR_ALMOND_REGULAR_390.jpg"}},{"id":5,"license":1,"file_name":"red-grape-macro_webp.rf.c2c4e41958b340a31f049533a7f635e2.jpg","height":640,"width":640,"date_captured":"2025-06-02T05:38:15+00:00","extra":{"name":"red-grape-macro.webp"}},{"id":6,"license":1,"file_name":"CASHEW_SPECIAL_CASHEW_SPECIAL_259_jpg.rf.fc6dd7e4c5695aeb244d839d283bd9ee.jpg","height":640,"width":640,"date_captured":"2025-06-02T05:38:15+00:00","extra":{"name":"CASHEW_SPECIAL_CASHEW_SPECIAL_259.jpg"}},{"id":7,"license":1,"file_name":"ALMOND_SANORA_ALMOND_SANORA_22_jpg.rf.31687c3eddf9eb4794d08c8f51a354f8.jpg","height":640,"width":640,"date_captured":"2025-06-02T05:38:15+00:00","extra":{"name":"ALMOND_SANORA_ALMOND_SANORA_22.jpg"}},{"id":8,"license":1,"file_name":"ALMOND_MAMRA_ALMOND_MAMRA_192_jpg.rf.1bc6aa626c82380d9737f78ac25dea50.jpg","height":640,"width":640,"date_captured":"2025-06-02T05:38:15+00:00","extra":{"name":"ALMOND_MAMRA_ALMOND_MAMRA_192.jpg"}},{"id":9,"license":1,"file_name":"ALMOND_SANORA_ALMOND_SANORA_128_jpg.rf.5858b3720ffacdfd844a72f35406b493.jpg","height":640,"width":640,"date_captured":"2025-06-02T05:38:15+00:00","extra":{"name":"ALMOND_SANORA_ALMOND_SANORA_128.jpg"}},{"id":10,"license":1,"file_name":"CASHEW_SPECIAL_CASHEW_SPECIAL_46_jpg.rf.0b67a7d2e8d3b25bc659d633610d6b9c.jpg","height":640,"width":640,"date_captured":"2025-06-02T05:38:15+00:00","extra":{"name":"CASHEW_SPECIAL_CASHEW_SPECIAL_46.jpg"}},{"id":11,"license":1,"file_name":"RAISIN_BLACK_RAISIN_BLACK_568_jpg.rf.8dceadcc77958779d79fd733940ec7db.jpg","height":640,"width":640,"date_captured":"2025-06-02T05:38:15+00:00","extra":{"name":"RAISIN_BLACK_RAISIN_BLACK_568.jpg"}},{"id":12,"license":1,"file_name":"CASHEW_REGULAR_CASHEW_REGULAR_357_jpg.rf.7666629c4f5f06486d1f6605eb5e2eca.jpg","height":640,"width":640,"date_captured":"2025-06-02T05:38:15+00:00","extra":{"name":"CASHEW_REGULAR_CASHEW_REGULAR_357.jpg"}},{"id":13,"license":1,"file_name":"ALMOND_MAMRA_ALMOND_MAMRA_234_jpg.rf.910c9a9979b88b78cfa474715981e335.jpg","height":640,"width":640,"date_captured":"2025-06-02T05:38:15+00:00","extra":{"name":"ALMOND_MAMRA_ALMOND_MAMRA_234.jpg"}},{"id":14,"license":1,"file_name":"ALMOND_REGULAR_ALMOND_REGULAR_806_jpg.rf.0f7eb5713f8aef8e9a0388a6df03610a.jpg","height":640,"width":640,"date_captured":"2025-06-02T05:38:15+00:00","extra":{"name":"ALMOND_REGULAR_ALMOND_REGULAR_806.jpg"}},{"id":15,"license":1,"file_name":"ALMOND_REGULAR_ALMOND_REGULAR_806_jpg.rf.3ddf5b24ca65631dbf1fb528a6d7fa3d.jpg","height":640,"width":640,"date_captured":"2025-06-02T05:38:15+00:00","extra":{"name":"ALMOND_REGULAR_ALMOND_REGULAR_806.jpg"}},{"id":16,"license":1,"file_name":"CASHEW_SPECIAL_CASHEW_SPECIAL_471_jpg.rf.f03597e103ac68d28794de6a02772380.jpg","height":640,"width":640,"date_captured":"2025-06-02T05:38:15+00:00","extra":{"name":"CASHEW_SPECIAL_CASHEW_SPECIAL_471.jpg"}},{"id":17,"license":1,"file_name":"green-grapes-isolated-realistic-green-grapes-on-a-white-background-photo_webp.rf.0249e82b0c6dce3f6edd6351f67e9adf.jpg","height":640,"width":640,"date_captured":"2025-06-02T05:38:15+00:00","extra":{"name":"green-grapes-isolated-realistic-green-grapes-on-a-white-background-photo.webp"}},{"id":18,"license":1,"file_name":"360_F_1218179377_guXOLpOhmvKU3CIiq9HuduiE1PWsofRu_webp.rf.d832e21c71e3094446a94ec9b53be400.jpg","height":640,"width":640,"date_captured":"2025-06-02T05:38:15+00:00","extra":{"name":"360_F_1218179377_guXOLpOhmvKU3CIiq9HuduiE1PWsofRu.webp"}},{"id":19,"license":1,"file_name":"RAISIN_PREMIUM_RAISIN_PREMIUM_186_jpg.rf.f2fd48f03107691d7290c2cc58cc000b.jpg","height":640,"width":640,"date_captured":"2025-06-02T05:38:15+00:00","extra":{"name":"RAISIN_PREMIUM_RAISIN_PREMIUM_186.jpg"}},{"id":20,"license":1,"file_name":"ALMOND_SANORA_ALMOND_SANORA_22_jpg.rf.1c4b595c20532ad64e7f9d2b42c0d554.jpg","height":640,"width":640,"date_captured":"2025-06-02T05:38:15+00:00","extra":{"name":"ALMOND_SANORA_ALMOND_SANORA_22.jpg"}},{"id":21,"license":1,"file_name":"RAISIN_PREMIUM_RAISIN_PREMIUM_811_jpg.rf.458e8604b33d870b1b332fdfa1a739d0.jpg","height":640,"width":640,"date_captured":"2025-06-02T05:38:15+00:00","extra":{"name":"RAISIN_PREMIUM_RAISIN_PREMIUM_811.jpg"}},{"id":22,"license":1,"file_name":"CASHEW_JUMBO_CASHEW_JUMBO_310_jpg.rf.66e0168973cd7307113cc74fca47a3cd.jpg","height":640,"width":640,"date_captured":"2025-06-02T05:38:15+00:00","extra":{"name":"CASHEW_JUMBO_CASHEW_JUMBO_310.jpg"}},{"id":23,"license":1,"file_name":"CASHEW_REGULAR_CASHEW_REGULAR_200_jpg.rf.d844c9816c92ab5e6843aca2501585f4.jpg","height":640,"width":640,"date_captured":"2025-06-02T05:38:15+00:00","extra":{"name":"CASHEW_REGULAR_CASHEW_REGULAR_200.jpg"}},{"id":24,"license":1,"file_name":"ALMOND_SANORA_ALMOND_SANORA_128_jpg.rf.7837550805cd36cc50a97e034f15bfb4.jpg","height":640,"width":640,"date_captured":"2025-06-02T05:38:15+00:00","extra":{"name":"ALMOND_SANORA_ALMOND_SANORA_128.jpg"}},{"id":25,"license":1,"file_name":"ALMOND_SANORA_ALMOND_SANORA_429_jpg.rf.70f84fcb13ec43b381050fb101bedae0.jpg","height":640,"width":640,"date_captured":"2025-06-02T05:38:15+00:00","extra":{"name":"ALMOND_SANORA_ALMOND_SANORA_429.jpg"}},{"id":26,"license":1,"file_name":"CASHEW_JUMBO_CASHEW_JUMBO_479_jpg.rf.55c9be5d2d65d2eeef234a17812a7c12.jpg","height":640,"width":640,"date_captured":"2025-06-02T05:38:15+00:00","extra":{"name":"CASHEW_JUMBO_CASHEW_JUMBO_479.jpg"}},{"id":27,"license":1,"file_name":"ALMOND_REGULAR_ALMOND_REGULAR_285_jpg.rf.af8bcbd952b0e90abeab468ccc52b9fc.jpg","height":640,"width":640,"date_captured":"2025-06-02T05:38:15+00:00","extra":{"name":"ALMOND_REGULAR_ALMOND_REGULAR_285.jpg"}},{"id":28,"license":1,"file_name":"ALMOND_SANORA_ALMOND_SANORA_42_jpg.rf.da42bd6e053e8fa6e63ee817b8a5bf11.jpg","height":640,"width":640,"date_captured":"2025-06-02T05:38:15+00:00","extra":{"name":"ALMOND_SANORA_ALMOND_SANORA_42.jpg"}},{"id":29,"license":1,"file_name":"green-grapes-isolated-realistic-green-grapes-on-a-white-background-photo_webp.rf.7fc2c48b09cfec6cf500f852b63f48b1.jpg","height":640,"width":640,"date_captured":"2025-06-02T05:38:15+00:00","extra":{"name":"green-grapes-isolated-realistic-green-grapes-on-a-white-background-photo.webp"}},{"id":30,"license":1,"file_name":"red-grape-macro_webp.rf.800c111974c3d596ff322b367a2738c4.jpg","height":640,"width":640,"date_captured":"2025-06-02T05:38:15+00:00","extra":{"name":"red-grape-macro.webp"}},{"id":31,"license":1,"file_name":"ALMOND_REGULAR_ALMOND_REGULAR_390_jpg.rf.17a6521484c26f6b714639afa804db4c.jpg","height":640,"width":640,"date_captured":"2025-06-02T05:38:15+00:00","extra":{"name":"ALMOND_REGULAR_ALMOND_REGULAR_390.jpg"}},{"id":32,"license":1,"file_name":"360_F_1085743617_TZyeDIVCjcw4XbqBolKU0WC5ZqNpJ9Rc_webp.rf.063d935e7c744250bb01e82b5688c1ec.jpg","height":640,"width":640,"date_captured":"2025-06-02T05:38:15+00:00","extra":{"name":"360_F_1085743617_TZyeDIVCjcw4XbqBolKU0WC5ZqNpJ9Rc.webp"}},{"id":33,"license":1,"file_name":"black-grapes-isolated-on-white-background-photo_webp.rf.6e60e2e69faf05f81c93c312b2a005c8.jpg","height":640,"width":640,"date_captured":"2025-06-02T05:38:15+00:00","extra":{"name":"black-grapes-isolated-on-white-background-photo.webp"}},{"id":34,"license":1,"file_name":"ALMOND_SANORA_ALMOND_SANORA_113_jpg.rf.a57799b23ec58164d65f6d92d195b042.jpg","height":640,"width":640,"date_captured":"2025-06-02T05:38:15+00:00","extra":{"name":"ALMOND_SANORA_ALMOND_SANORA_113.jpg"}},{"id":35,"license":1,"file_name":"ALMOND_MAMRA_ALMOND_MAMRA_7_jpg.rf.1a25c06ef357d60556528edaf57b29ca.jpg","height":640,"width":640,"date_captured":"2025-06-02T05:38:15+00:00","extra":{"name":"ALMOND_MAMRA_ALMOND_MAMRA_7.jpg"}},{"id":36,"license":1,"file_name":"CASHEW_JUMBO_CASHEW_JUMBO_904_jpg.rf.d443c1f6d8a98dec2f5056de883eb2a9.jpg","height":640,"width":640,"date_captured":"2025-06-02T05:38:15+00:00","extra":{"name":"CASHEW_JUMBO_CASHEW_JUMBO_904.jpg"}},{"id":37,"license":1,"file_name":"360_F_1230381194_JkZ4wWbmrdZ0gWxZJXFR6aHQ391xSS2m_webp.rf.c01148828afa7ab8689d39914a9988a9.jpg","height":640,"width":640,"date_captured":"2025-06-02T05:38:15+00:00","extra":{"name":"360_F_1230381194_JkZ4wWbmrdZ0gWxZJXFR6aHQ391xSS2m.webp"}},{"id":38,"license":1,"file_name":"360_F_1398457747_LeARvSkUcjYXu0jUuKbWv436VgQ8TPK8_webp.rf.752e47f2c7e9664b49f37dcdd6ff9e31.jpg","height":640,"width":640,"date_captured":"2025-06-02T05:38:15+00:00","extra":{"name":"360_F_1398457747_LeARvSkUcjYXu0jUuKbWv436VgQ8TPK8.webp"}},{"id":39,"license":1,"file_name":"four-concord-grapes-isolated-on-white_webp.rf.cdd1929f980720a5f33b23d6eae67b99.jpg","height":640,"width":640,"date_captured":"2025-06-02T05:38:15+00:00","extra":{"name":"four-concord-grapes-isolated-on-white.webp"}},{"id":40,"license":1,"file_name":"RAISIN_PREMIUM_RAISIN_PREMIUM_186_jpg.rf.5a7e15e6736c3ef7dc2b4c316cdc49fb.jpg","height":640,"width":640,"date_captured":"2025-06-02T05:38:15+00:00","extra":{"name":"RAISIN_PREMIUM_RAISIN_PREMIUM_186.jpg"}},{"id":41,"license":1,"file_name":"RAISIN_GRADE1_RAISIN_GRADE1_886_jpg.rf.8c53fa6812da8b88e313ae73a474e4f2.jpg","height":640,"width":640,"date_captured":"2025-06-02T05:38:15+00:00","extra":{"name":"RAISIN_GRADE1_RAISIN_GRADE1_886.jpg"}},{"id":42,"license":1,"file_name":"red-seedless-grape_webp.rf.57cbbc07053e648e4d998d3091a26be7.jpg","height":640,"width":640,"date_captured":"2025-06-02T05:38:15+00:00","extra":{"name":"red-seedless-grape.webp"}},{"id":43,"license":1,"file_name":"ripe-red-grape-isolated-on-white-with-clipping-path-full-depth-of-field_webp.rf.4cade2d6d114029d72a8528431753bb9.jpg","height":640,"width":640,"date_captured":"2025-06-02T05:38:15+00:00","extra":{"name":"ripe-red-grape-isolated-on-white-with-clipping-path-full-depth-of-field.webp"}},{"id":44,"license":1,"file_name":"RAISIN_BLACK_RAISIN_BLACK_846_jpg.rf.bbc3f59386229966dbfe3efae0771cec.jpg","height":640,"width":640,"date_captured":"2025-06-02T05:38:15+00:00","extra":{"name":"RAISIN_BLACK_RAISIN_BLACK_846.jpg"}},{"id":45,"license":1,"file_name":"ALMOND_SANORA_ALMOND_SANORA_905_jpg.rf.466cf10988331787efe0f90afe9d44a9.jpg","height":640,"width":640,"date_captured":"2025-06-02T05:38:15+00:00","extra":{"name":"ALMOND_SANORA_ALMOND_SANORA_905.jpg"}},{"id":46,"license":1,"file_name":"ALMOND_MAMRA_ALMOND_MAMRA_234_jpg.rf.0f4b0ecaff24374c1fa9064fa7416b24.jpg","height":640,"width":640,"date_captured":"2025-06-02T05:38:15+00:00","extra":{"name":"ALMOND_MAMRA_ALMOND_MAMRA_234.jpg"}},{"id":47,"license":1,"file_name":"CASHEW_SPECIAL_CASHEW_SPECIAL_471_jpg.rf.a2e82b4dbec37197e596216100cafc94.jpg","height":640,"width":640,"date_captured":"2025-06-02T05:38:15+00:00","extra":{"name":"CASHEW_SPECIAL_CASHEW_SPECIAL_471.jpg"}},{"id":48,"license":1,"file_name":"CASHEW_REGULAR_CASHEW_REGULAR_605_jpg.rf.542b2c5be665bf45480b810167324efc.jpg","height":640,"width":640,"date_captured":"2025-06-02T05:38:15+00:00","extra":{"name":"CASHEW_REGULAR_CASHEW_REGULAR_605.jpg"}},{"id":49,"license":1,"file_name":"CASHEW_SPECIAL_CASHEW_SPECIAL_46_jpg.rf.772ee010a86b7d9aa4f6ef866e4dc7af.jpg","height":640,"width":640,"date_captured":"2025-06-02T05:38:15+00:00","extra":{"name":"CASHEW_SPECIAL_CASHEW_SPECIAL_46.jpg"}},{"id":50,"license":1,"file_name":"two-purple-grapes-with-green-stems_webp.rf.b1c60c9506e3eba66ce44d512ee5cce2.jpg","height":640,"width":640,"date_captured":"2025-06-02T05:38:15+00:00","extra":{"name":"two-purple-grapes-with-green-stems.webp"}},{"id":51,"license":1,"file_name":"RAISIN_BLACK_RAISIN_BLACK_568_jpg.rf.032026ff2cf1e62f9ceb1f58489aeb74.jpg","height":640,"width":640,"date_captured":"2025-06-02T05:38:15+00:00","extra":{"name":"RAISIN_BLACK_RAISIN_BLACK_568.jpg"}},{"id":52,"license":1,"file_name":"ALMOND_MAMRA_ALMOND_MAMRA_599_jpg.rf.3ffe5dcace97bee9710255c684820d33.jpg","height":640,"width":640,"date_captured":"2025-06-02T05:38:15+00:00","extra":{"name":"ALMOND_MAMRA_ALMOND_MAMRA_599.jpg"}},{"id":53,"license":1,"file_name":"RAISIN_PREMIUM_RAISIN_PREMIUM_164_jpg.rf.dc91173522eb71b6817eb0ffd079624f.jpg","height":640,"width":640,"date_captured":"2025-06-02T05:38:15+00:00","extra":{"name":"RAISIN_PREMIUM_RAISIN_PREMIUM_164.jpg"}},{"id":54,"license":1,"file_name":"RAISIN_PREMIUM_RAISIN_PREMIUM_73_jpg.rf.57d90b7ed424c2615a5f0e075ab26147.jpg","height":640,"width":640,"date_captured":"2025-06-02T05:38:15+00:00","extra":{"name":"RAISIN_PREMIUM_RAISIN_PREMIUM_73.jpg"}},{"id":55,"license":1,"file_name":"360_F_1398457747_LeARvSkUcjYXu0jUuKbWv436VgQ8TPK8_webp.rf.dde327dd531ead532fe13278ec20e33e.jpg","height":640,"width":640,"date_captured":"2025-06-02T05:38:15+00:00","extra":{"name":"360_F_1398457747_LeARvSkUcjYXu0jUuKbWv436VgQ8TPK8.webp"}},{"id":56,"license":1,"file_name":"CASHEW_JUMBO_CASHEW_JUMBO_187_jpg.rf.6ec76d328626be65f168f974400855cf.jpg","height":640,"width":640,"date_captured":"2025-06-02T05:38:15+00:00","extra":{"name":"CASHEW_JUMBO_CASHEW_JUMBO_187.jpg"}},{"id":57,"license":1,"file_name":"RAISIN_PREMIUM_RAISIN_PREMIUM_256_jpg.rf.e8372157c4308bdb4ebb854e55fdc5fe.jpg","height":640,"width":640,"date_captured":"2025-06-02T05:38:15+00:00","extra":{"name":"RAISIN_PREMIUM_RAISIN_PREMIUM_256.jpg"}},{"id":58,"license":1,"file_name":"ALMOND_MAMRA_ALMOND_MAMRA_192_jpg.rf.10d0156c8a85c3cf9e96eb9f10fb46d5.jpg","height":640,"width":640,"date_captured":"2025-06-02T05:38:15+00:00","extra":{"name":"ALMOND_MAMRA_ALMOND_MAMRA_192.jpg"}},{"id":59,"license":1,"file_name":"360_F_1230381194_JkZ4wWbmrdZ0gWxZJXFR6aHQ391xSS2m_webp.rf.fbb5696a3ead5cc8e9dbc43e85d81c84.jpg","height":640,"width":640,"date_captured":"2025-06-02T05:38:15+00:00","extra":{"name":"360_F_1230381194_JkZ4wWbmrdZ0gWxZJXFR6aHQ391xSS2m.webp"}},{"id":60,"license":1,"file_name":"CASHEW_REGULAR_CASHEW_REGULAR_394_jpg.rf.e1153fcda05b39829bb0cef83e240948.jpg","height":640,"width":640,"date_captured":"2025-06-02T05:38:15+00:00","extra":{"name":"CASHEW_REGULAR_CASHEW_REGULAR_394.jpg"}},{"id":61,"license":1,"file_name":"CASHEW_JUMBO_CASHEW_JUMBO_187_jpg.rf.791f8523d3fe40cad5bc39d4830ce3b3.jpg","height":640,"width":640,"date_captured":"2025-06-02T05:38:15+00:00","extra":{"name":"CASHEW_JUMBO_CASHEW_JUMBO_187.jpg"}},{"id":62,"license":1,"file_name":"RAISIN_GRADE1_RAISIN_GRADE1_726_jpg.rf.2391502d34061edec9237317036f6fff.jpg","height":640,"width":640,"date_captured":"2025-06-02T05:38:15+00:00","extra":{"name":"RAISIN_GRADE1_RAISIN_GRADE1_726.jpg"}},{"id":63,"license":1,"file_name":"RAISIN_BLACK_RAISIN_BLACK_793_jpg.rf.8f3f21ff8ac1621692d3b4639af32e4f.jpg","height":640,"width":640,"date_captured":"2025-06-02T05:38:15+00:00","extra":{"name":"RAISIN_BLACK_RAISIN_BLACK_793.jpg"}},{"id":64,"license":1,"file_name":"CASHEW_JUMBO_CASHEW_JUMBO_466_jpg.rf.0a5db29da035f2dd385bb4d8f9bc7a1b.jpg","height":640,"width":640,"date_captured":"2025-06-02T05:38:15+00:00","extra":{"name":"CASHEW_JUMBO_CASHEW_JUMBO_466.jpg"}},{"id":65,"license":1,"file_name":"CASHEW_SPECIAL_CASHEW_SPECIAL_259_jpg.rf.188fd89d623ac51e4650a0943631a187.jpg","height":640,"width":640,"date_captured":"2025-06-02T05:38:15+00:00","extra":{"name":"CASHEW_SPECIAL_CASHEW_SPECIAL_259.jpg"}},{"id":66,"license":1,"file_name":"360_F_1085743617_TZyeDIVCjcw4XbqBolKU0WC5ZqNpJ9Rc_webp.rf.ad3c75cc4f64dba03ce5a44afc58eb1d.jpg","height":640,"width":640,"date_captured":"2025-06-02T05:38:15+00:00","extra":{"name":"360_F_1085743617_TZyeDIVCjcw4XbqBolKU0WC5ZqNpJ9Rc.webp"}},{"id":67,"license":1,"file_name":"CASHEW_SPECIAL_CASHEW_SPECIAL_171_jpg.rf.bb3d5ea2103be958900291dc9dc12749.jpg","height":640,"width":640,"date_captured":"2025-06-02T05:38:15+00:00","extra":{"name":"CASHEW_SPECIAL_CASHEW_SPECIAL_171.jpg"}},{"id":68,"license":1,"file_name":"a-single-grape-on-a-white-wall-photo_webp.rf.3469701314adadafe43cb530f79f6ae5.jpg","height":640,"width":640,"date_captured":"2025-06-02T05:38:15+00:00","extra":{"name":"a-single-grape-on-a-white-wall-photo.webp"}},{"id":69,"license":1,"file_name":"ALMOND_SANORA_ALMOND_SANORA_113_jpg.rf.d6a438a98e252478f4a6d127fea04815.jpg","height":640,"width":640,"date_captured":"2025-06-02T05:38:15+00:00","extra":{"name":"ALMOND_SANORA_ALMOND_SANORA_113.jpg"}},{"id":70,"license":1,"file_name":"RAISIN_GRADE1_RAISIN_GRADE1_421_jpg.rf.eceb171ac633fa24408b6f81f6e3548b.jpg","height":640,"width":640,"date_captured":"2025-06-02T05:38:15+00:00","extra":{"name":"RAISIN_GRADE1_RAISIN_GRADE1_421.jpg"}},{"id":71,"license":1,"file_name":"ALMOND_SANORA_ALMOND_SANORA_429_jpg.rf.42925129521ba8e73dadbf6ae5d5d5b3.jpg","height":640,"width":640,"date_captured":"2025-06-02T05:38:15+00:00","extra":{"name":"ALMOND_SANORA_ALMOND_SANORA_429.jpg"}},{"id":72,"license":1,"file_name":"RAISIN_BLACK_RAISIN_BLACK_261_jpg.rf.fb7a72bd9e86d4806c7acb26755a63c7.jpg","height":640,"width":640,"date_captured":"2025-06-02T05:38:15+00:00","extra":{"name":"RAISIN_BLACK_RAISIN_BLACK_261.jpg"}},{"id":73,"license":1,"file_name":"ripe-red-grape-isolated-on-white-with-clipping-path-full-depth-of-field_webp.rf.64715c931bd83b5d2293e638e3473b3d.jpg","height":640,"width":640,"date_captured":"2025-06-02T05:38:15+00:00","extra":{"name":"ripe-red-grape-isolated-on-white-with-clipping-path-full-depth-of-field.webp"}},{"id":74,"license":1,"file_name":"RAISIN_PREMIUM_RAISIN_PREMIUM_25_jpg.rf.bf97aa63f586c884596d14bb4909d86a.jpg","height":640,"width":640,"date_captured":"2025-06-02T05:38:15+00:00","extra":{"name":"RAISIN_PREMIUM_RAISIN_PREMIUM_25.jpg"}},{"id":75,"license":1,"file_name":"RAISIN_PREMIUM_RAISIN_PREMIUM_244_jpg.rf.c0acfc994ff24604fda46845d19e219f.jpg","height":640,"width":640,"date_captured":"2025-06-02T05:38:15+00:00","extra":{"name":"RAISIN_PREMIUM_RAISIN_PREMIUM_244.jpg"}},{"id":76,"license":1,"file_name":"front-view-of-fresh-red-grapes-with-half-in-stack-isolated-on-white-background-with-clipping-path-photo_webp.rf.054cbf39bc7f0f2fc68a8bc1030c432c.jpg","height":640,"width":640,"date_captured":"2025-06-02T05:38:15+00:00","extra":{"name":"front-view-of-fresh-red-grapes-with-half-in-stack-isolated-on-white-background-with-clipping-path-photo.webp"}},{"id":77,"license":1,"file_name":"RAISIN_BLACK_RAISIN_BLACK_793_jpg.rf.cfa2aa9c42ba1e4d2c94d50c487e421a.jpg","height":640,"width":640,"date_captured":"2025-06-02T05:38:15+00:00","extra":{"name":"RAISIN_BLACK_RAISIN_BLACK_793.jpg"}},{"id":78,"license":1,"file_name":"a-single-grape-on-a-white-wall-photo_webp.rf.5bc3e07142344b723fe7b40ef42a7017.jpg","height":640,"width":640,"date_captured":"2025-06-02T05:38:15+00:00","extra":{"name":"a-single-grape-on-a-white-wall-photo.webp"}},{"id":79,"license":1,"file_name":"360_F_1218179377_guXOLpOhmvKU3CIiq9HuduiE1PWsofRu_webp.rf.ba7f4f1a715388fd4016adf553ebd754.jpg","height":640,"width":640,"date_captured":"2025-06-02T05:38:15+00:00","extra":{"name":"360_F_1218179377_guXOLpOhmvKU3CIiq9HuduiE1PWsofRu.webp"}},{"id":80,"license":1,"file_name":"green-grape-isolated-on-white_webp.rf.1804b9397b59abb3afc8d229b13ab7a0.jpg","height":640,"width":640,"date_captured":"2025-06-02T05:38:15+00:00","extra":{"name":"green-grape-isolated-on-white.webp"}},{"id":81,"license":1,"file_name":"ALMOND_MAMRA_ALMOND_MAMRA_180_jpg.rf.0bb53760b60ddde48677eef42d22dd67.jpg","height":640,"width":640,"date_captured":"2025-06-02T05:38:15+00:00","extra":{"name":"ALMOND_MAMRA_ALMOND_MAMRA_180.jpg"}},{"id":82,"license":1,"file_name":"CASHEW_JUMBO_CASHEW_JUMBO_310_jpg.rf.41c72ef6b41489f0235f633c0c2dea2a.jpg","height":640,"width":640,"date_captured":"2025-06-02T05:38:15+00:00","extra":{"name":"CASHEW_JUMBO_CASHEW_JUMBO_310.jpg"}},{"id":83,"license":1,"file_name":"white-grapes_webp.rf.c8fc4f0196a8e17fb37211dbe44e300f.jpg","height":640,"width":640,"date_captured":"2025-06-02T05:38:15+00:00","extra":{"name":"white-grapes.webp"}},{"id":84,"license":1,"file_name":"CASHEW_REGULAR_CASHEW_REGULAR_357_jpg.rf.64f07632084096bc679ba6e15fb9afbc.jpg","height":640,"width":640,"date_captured":"2025-06-02T05:38:15+00:00","extra":{"name":"CASHEW_REGULAR_CASHEW_REGULAR_357.jpg"}},{"id":85,"license":1,"file_name":"CASHEW_JUMBO_CASHEW_JUMBO_904_jpg.rf.a52cbd596fedd34adbd2f588cb6943df.jpg","height":640,"width":640,"date_captured":"2025-06-02T05:38:15+00:00","extra":{"name":"CASHEW_JUMBO_CASHEW_JUMBO_904.jpg"}},{"id":86,"license":1,"file_name":"CASHEW_JUMBO_CASHEW_JUMBO_479_jpg.rf.3b4ab965a37071449accc981fbcabb71.jpg","height":640,"width":640,"date_captured":"2025-06-02T05:38:15+00:00","extra":{"name":"CASHEW_JUMBO_CASHEW_JUMBO_479.jpg"}},{"id":87,"license":1,"file_name":"RAISIN_BLACK_RAISIN_BLACK_246_jpg.rf.21dc863e4f902c64d56d56223fe99e6e.jpg","height":640,"width":640,"date_captured":"2025-06-02T05:38:15+00:00","extra":{"name":"RAISIN_BLACK_RAISIN_BLACK_246.jpg"}},{"id":88,"license":1,"file_name":"ALMOND_MAMRA_ALMOND_MAMRA_778_jpg.rf.0e88a2c2ab42ad10e5b8142d4ef85bef.jpg","height":640,"width":640,"date_captured":"2025-06-02T05:38:15+00:00","extra":{"name":"ALMOND_MAMRA_ALMOND_MAMRA_778.jpg"}},{"id":89,"license":1,"file_name":"CASHEW_JUMBO_CASHEW_JUMBO_510_jpg.rf.97239220ee51606333553f243c8a1c62.jpg","height":640,"width":640,"date_captured":"2025-06-02T05:38:15+00:00","extra":{"name":"CASHEW_JUMBO_CASHEW_JUMBO_510.jpg"}},{"id":90,"license":1,"file_name":"RAISIN_PREMIUM_RAISIN_PREMIUM_244_jpg.rf.39516a97543c531f76d7801849cfc969.jpg","height":640,"width":640,"date_captured":"2025-06-02T05:38:15+00:00","extra":{"name":"RAISIN_PREMIUM_RAISIN_PREMIUM_244.jpg"}},{"id":91,"license":1,"file_name":"CASHEW_JUMBO_CASHEW_JUMBO_546_jpg.rf.db569a476cc182898546af37ac347cc5.jpg","height":640,"width":640,"date_captured":"2025-06-02T05:38:15+00:00","extra":{"name":"CASHEW_JUMBO_CASHEW_JUMBO_546.jpg"}},{"id":92,"license":1,"file_name":"RAISIN_GRADE1_RAISIN_GRADE1_886_jpg.rf.448ff0415fd07b0633dee82ba180bbb7.jpg","height":640,"width":640,"date_captured":"2025-06-02T05:38:15+00:00","extra":{"name":"RAISIN_GRADE1_RAISIN_GRADE1_886.jpg"}},{"id":93,"license":1,"file_name":"RAISIN_BLACK_RAISIN_BLACK_261_jpg.rf.f3aafc0ca4ba6310ded6502add52bda3.jpg","height":640,"width":640,"date_captured":"2025-06-02T05:38:15+00:00","extra":{"name":"RAISIN_BLACK_RAISIN_BLACK_261.jpg"}},{"id":94,"license":1,"file_name":"CASHEW_SPECIAL_CASHEW_SPECIAL_289_jpg.rf.d76a4b7b34623ceadc6b5f74d752de93.jpg","height":640,"width":640,"date_captured":"2025-06-02T05:38:15+00:00","extra":{"name":"CASHEW_SPECIAL_CASHEW_SPECIAL_289.jpg"}},{"id":95,"license":1,"file_name":"green-grape-isolated-on-white_webp.rf.0ebdef073b55b56ca2c422a2474a5512.jpg","height":640,"width":640,"date_captured":"2025-06-02T05:38:15+00:00","extra":{"name":"green-grape-isolated-on-white.webp"}},{"id":96,"license":1,"file_name":"ALMOND_REGULAR_ALMOND_REGULAR_578_jpg.rf.f5491886bf6c47046cfaac2233619b94.jpg","height":640,"width":640,"date_captured":"2025-06-02T05:38:15+00:00","extra":{"name":"ALMOND_REGULAR_ALMOND_REGULAR_578.jpg"}},{"id":97,"license":1,"file_name":"ALMOND_MAMRA_ALMOND_MAMRA_180_jpg.rf.03d3e296bd5232416bf34b7013cd6a45.jpg","height":640,"width":640,"date_captured":"2025-06-02T05:38:15+00:00","extra":{"name":"ALMOND_MAMRA_ALMOND_MAMRA_180.jpg"}},{"id":98,"license":1,"file_name":"CASHEW_REGULAR_CASHEW_REGULAR_605_jpg.rf.c9cf8a12516394212a3ba02582676b94.jpg","height":640,"width":640,"date_captured":"2025-06-02T05:38:15+00:00","extra":{"name":"CASHEW_REGULAR_CASHEW_REGULAR_605.jpg"}},{"id":99,"license":1,"file_name":"white-grapes_webp.rf.ee5b765e9ff1dd914b914728de18201d.jpg","height":640,"width":640,"date_captured":"2025-06-02T05:38:15+00:00","extra":{"name":"white-grapes.webp"}},{"id":100,"license":1,"file_name":"front-view-of-fresh-red-grapes-with-half-in-stack-isolated-on-white-background-with-clipping-path-photo_webp.rf.9e6ce6a9a64b8fa2277366b4e2d625c7.jpg","height":640,"width":640,"date_captured":"2025-06-02T05:38:15+00:00","extra":{"name":"front-view-of-fresh-red-grapes-with-half-in-stack-isolated-on-white-background-with-clipping-path-photo.webp"}},{"id":101,"license":1,"file_name":"ALMOND_MAMRA_ALMOND_MAMRA_599_jpg.rf.2be47972d402ac88e801c5f1dd3e2b64.jpg","height":640,"width":640,"date_captured":"2025-06-02T05:38:15+00:00","extra":{"name":"ALMOND_MAMRA_ALMOND_MAMRA_599.jpg"}},{"id":102,"license":1,"file_name":"CASHEW_SPECIAL_CASHEW_SPECIAL_552_jpg.rf.1d80dbdd7bbbb527d4b38219f615d347.jpg","height":640,"width":640,"date_captured":"2025-06-02T05:38:15+00:00","extra":{"name":"CASHEW_SPECIAL_CASHEW_SPECIAL_552.jpg"}},{"id":103,"license":1,"file_name":"red-grape-on-white-background-close-up-free-photo_webp.rf.415870295152d3392ef6cc4a8f3e8ccf.jpg","height":640,"width":640,"date_captured":"2025-06-02T05:38:15+00:00","extra":{"name":"red-grape-on-white-background-close-up-free-photo.webp"}},{"id":104,"license":1,"file_name":"RAISIN_BLACK_RAISIN_BLACK_812_jpg.rf.ce528a39158ee39b124a418061b45dac.jpg","height":640,"width":640,"date_captured":"2025-06-02T05:38:15+00:00","extra":{"name":"RAISIN_BLACK_RAISIN_BLACK_812.jpg"}},{"id":105,"license":1,"file_name":"red-grape-on-white-background-close-up-free-photo_webp.rf.99b7676c09ce5aca265059c2f3480c57.jpg","height":640,"width":640,"date_captured":"2025-06-02T05:38:15+00:00","extra":{"name":"red-grape-on-white-background-close-up-free-photo.webp"}},{"id":106,"license":1,"file_name":"RAISIN_BLACK_RAISIN_BLACK_846_jpg.rf.05e9ed2050325caf086d91f9b06da8fe.jpg","height":640,"width":640,"date_captured":"2025-06-02T05:38:15+00:00","extra":{"name":"RAISIN_BLACK_RAISIN_BLACK_846.jpg"}},{"id":107,"license":1,"file_name":"ALMOND_REGULAR_ALMOND_REGULAR_333_jpg.rf.671812401334a5605a03dec8f7e0c486.jpg","height":640,"width":640,"date_captured":"2025-06-02T05:38:15+00:00","extra":{"name":"ALMOND_REGULAR_ALMOND_REGULAR_333.jpg"}},{"id":108,"license":1,"file_name":"high-angle-view-grapes-white-fabric_1048944-17885048_webp.rf.be90695f1db1d604ecafd4ba528feaa8.jpg","height":640,"width":640,"date_captured":"2025-06-02T05:38:15+00:00","extra":{"name":"high-angle-view-grapes-white-fabric_1048944-17885048.webp"}},{"id":109,"license":1,"file_name":"RAISIN_BLACK_RAISIN_BLACK_128_jpg.rf.b2af3fb3f8baf8513f0e46169017317f.jpg","height":640,"width":640,"date_captured":"2025-06-02T05:38:15+00:00","extra":{"name":"RAISIN_BLACK_RAISIN_BLACK_128.jpg"}},{"id":110,"license":1,"file_name":"RAISIN_BLACK_RAISIN_BLACK_812_jpg.rf.a61e2aa47f9c6d43b1ea8a6bc25108d1.jpg","height":640,"width":640,"date_captured":"2025-06-02T05:38:15+00:00","extra":{"name":"RAISIN_BLACK_RAISIN_BLACK_812.jpg"}},{"id":111,"license":1,"file_name":"black-grapes-isolated-on-white-background-photo_webp.rf.80b9aa27b21d13591a51b6990642b7a5.jpg","height":640,"width":640,"date_captured":"2025-06-02T05:38:15+00:00","extra":{"name":"black-grapes-isolated-on-white-background-photo.webp"}},{"id":112,"license":1,"file_name":"RAISIN_BLACK_RAISIN_BLACK_246_jpg.rf.83dd41beee37366d397965cee1e66a47.jpg","height":640,"width":640,"date_captured":"2025-06-02T05:38:15+00:00","extra":{"name":"RAISIN_BLACK_RAISIN_BLACK_246.jpg"}},{"id":113,"license":1,"file_name":"CASHEW_JUMBO_CASHEW_JUMBO_510_jpg.rf.c7cdf34611908b393cb80096a21bac02.jpg","height":640,"width":640,"date_captured":"2025-06-02T05:38:15+00:00","extra":{"name":"CASHEW_JUMBO_CASHEW_JUMBO_510.jpg"}},{"id":114,"license":1,"file_name":"CASHEW_SPECIAL_CASHEW_SPECIAL_724_jpg.rf.4cd9b82ff66bf7631599fad0595d35ce.jpg","height":640,"width":640,"date_captured":"2025-06-02T05:38:15+00:00","extra":{"name":"CASHEW_SPECIAL_CASHEW_SPECIAL_724.jpg"}},{"id":115,"license":1,"file_name":"high-angle-view-grapes-white-fabric_1048944-17885048_webp.rf.0a00e8bbf6c2e1bf895cbe1195ba6d9f.jpg","height":640,"width":640,"date_captured":"2025-06-02T05:38:15+00:00","extra":{"name":"high-angle-view-grapes-white-fabric_1048944-17885048.webp"}},{"id":116,"license":1,"file_name":"CASHEW_REGULAR_CASHEW_REGULAR_737_jpg.rf.506df3b13e957366012a578e5c518450.jpg","height":640,"width":640,"date_captured":"2025-06-02T05:38:15+00:00","extra":{"name":"CASHEW_REGULAR_CASHEW_REGULAR_737.jpg"}},{"id":117,"license":1,"file_name":"CASHEW_JUMBO_CASHEW_JUMBO_546_jpg.rf.8e2f1ed73e6699a93b9dc1f3c014dda7.jpg","height":640,"width":640,"date_captured":"2025-06-02T05:38:15+00:00","extra":{"name":"CASHEW_JUMBO_CASHEW_JUMBO_546.jpg"}},{"id":118,"license":1,"file_name":"CASHEW_SPECIAL_CASHEW_SPECIAL_552_jpg.rf.7dbe7311bedf26de602f82fa84c13adf.jpg","height":640,"width":640,"date_captured":"2025-06-02T05:38:15+00:00","extra":{"name":"CASHEW_SPECIAL_CASHEW_SPECIAL_552.jpg"}},{"id":119,"license":1,"file_name":"CASHEW_SPECIAL_CASHEW_SPECIAL_289_jpg.rf.f8e0aff0ecb55b8f5073f96ef634541d.jpg","height":640,"width":640,"date_captured":"2025-06-02T05:38:15+00:00","extra":{"name":"CASHEW_SPECIAL_CASHEW_SPECIAL_289.jpg"}},{"id":120,"license":1,"file_name":"RAISIN_GRADE1_RAISIN_GRADE1_726_jpg.rf.4b11937e77ae7beade406da8ad21ce90.jpg","height":640,"width":640,"date_captured":"2025-06-02T05:38:15+00:00","extra":{"name":"RAISIN_GRADE1_RAISIN_GRADE1_726.jpg"}},{"id":121,"license":1,"file_name":"RAISIN_BLACK_RAISIN_BLACK_128_jpg.rf.909415b8fb5239cf9483b04b86259cb2.jpg","height":640,"width":640,"date_captured":"2025-06-02T05:38:15+00:00","extra":{"name":"RAISIN_BLACK_RAISIN_BLACK_128.jpg"}},{"id":122,"license":1,"file_name":"RAISIN_PREMIUM_RAISIN_PREMIUM_25_jpg.rf.29703122366f2e7f35adb3f4141fd014.jpg","height":640,"width":640,"date_captured":"2025-06-02T05:38:15+00:00","extra":{"name":"RAISIN_PREMIUM_RAISIN_PREMIUM_25.jpg"}},{"id":123,"license":1,"file_name":"RAISIN_PREMIUM_RAISIN_PREMIUM_164_jpg.rf.514703e08f2534abb0378af15d0e89d9.jpg","height":640,"width":640,"date_captured":"2025-06-02T05:38:15+00:00","extra":{"name":"RAISIN_PREMIUM_RAISIN_PREMIUM_164.jpg"}},{"id":124,"license":1,"file_name":"CASHEW_REGULAR_CASHEW_REGULAR_394_jpg.rf.c54412b873551902eb267e4a94bee5d8.jpg","height":640,"width":640,"date_captured":"2025-06-02T05:38:15+00:00","extra":{"name":"CASHEW_REGULAR_CASHEW_REGULAR_394.jpg"}},{"id":125,"license":1,"file_name":"ALMOND_REGULAR_ALMOND_REGULAR_333_jpg.rf.cab92353a39c5ac22c196fbe00528670.jpg","height":640,"width":640,"date_captured":"2025-06-02T05:38:15+00:00","extra":{"name":"ALMOND_REGULAR_ALMOND_REGULAR_333.jpg"}},{"id":126,"license":1,"file_name":"ALMOND_REGULAR_ALMOND_REGULAR_285_jpg.rf.def880e44946d5b52c3b0c61d969a045.jpg","height":640,"width":640,"date_captured":"2025-06-02T05:38:15+00:00","extra":{"name":"ALMOND_REGULAR_ALMOND_REGULAR_285.jpg"}},{"id":127,"license":1,"file_name":"red-seedless-grape_webp.rf.148d4a031115eef136825bad365e7824.jpg","height":640,"width":640,"date_captured":"2025-06-02T05:38:15+00:00","extra":{"name":"red-seedless-grape.webp"}},{"id":128,"license":1,"file_name":"ALMOND_MAMRA_ALMOND_MAMRA_599_jpg.rf.99a98d0aa325a9832b3c27dad1b23a22.jpg","height":640,"width":640,"date_captured":"2025-06-02T05:38:15+00:00","extra":{"name":"ALMOND_MAMRA_ALMOND_MAMRA_599.jpg"}},{"id":129,"license":1,"file_name":"RAISIN_GRADE1_RAISIN_GRADE1_421_jpg.rf.515da44f4db70ea26b303dfaea99ddb9.jpg","height":640,"width":640,"date_captured":"2025-06-02T05:38:15+00:00","extra":{"name":"RAISIN_GRADE1_RAISIN_GRADE1_421.jpg"}},{"id":130,"license":1,"file_name":"ALMOND_REGULAR_ALMOND_REGULAR_578_jpg.rf.0aa83f40d3d163757e9a4dc5ae7db7e7.jpg","height":640,"width":640,"date_captured":"2025-06-02T05:38:15+00:00","extra":{"name":"ALMOND_REGULAR_ALMOND_REGULAR_578.jpg"}},{"id":131,"license":1,"file_name":"two-purple-grapes-with-green-stems_webp.rf.6a0fa41d38ebd9f7cbef09620f763c2d.jpg","height":640,"width":640,"date_captured":"2025-06-02T05:38:15+00:00","extra":{"name":"two-purple-grapes-with-green-stems.webp"}},{"id":132,"license":1,"file_name":"RAISIN_GRADE1_RAISIN_GRADE1_726_jpg.rf.ef1e935ff3a67f4ddb18df14d4b2cd04.jpg","height":640,"width":640,"date_captured":"2025-06-02T05:38:15+00:00","extra":{"name":"RAISIN_GRADE1_RAISIN_GRADE1_726.jpg"}},{"id":133,"license":1,"file_name":"CASHEW_SPECIAL_CASHEW_SPECIAL_724_jpg.rf.51b6fef316450c56d24b390c1ef2462d.jpg","height":640,"width":640,"date_captured":"2025-06-02T05:38:15+00:00","extra":{"name":"CASHEW_SPECIAL_CASHEW_SPECIAL_724.jpg"}},{"id":134,"license":1,"file_name":"CASHEW_REGULAR_CASHEW_REGULAR_737_jpg.rf.bf06668c24fdf5426fd57f388f33f70c.jpg","height":640,"width":640,"date_captured":"2025-06-02T05:38:15+00:00","extra":{"name":"CASHEW_REGULAR_CASHEW_REGULAR_737.jpg"}},{"id":135,"license":1,"file_name":"ALMOND_MAMRA_ALMOND_MAMRA_7_jpg.rf.c3e46035cbc026d46a8e05ca0db47246.jpg","height":640,"width":640,"date_captured":"2025-06-02T05:38:15+00:00","extra":{"name":"ALMOND_MAMRA_ALMOND_MAMRA_7.jpg"}},{"id":136,"license":1,"file_name":"ALMOND_REGULAR_ALMOND_REGULAR_285_jpg.rf.782d9b5486cd5ccb1fc2109c9a58d9e5.jpg","height":640,"width":640,"date_captured":"2025-06-02T05:38:15+00:00","extra":{"name":"ALMOND_REGULAR_ALMOND_REGULAR_285.jpg"}},{"id":137,"license":1,"file_name":"RAISIN_PREMIUM_RAISIN_PREMIUM_164_jpg.rf.4d7ac14fea1ff61d2a6a9aee07f77226.jpg","height":640,"width":640,"date_captured":"2025-06-02T05:38:15+00:00","extra":{"name":"RAISIN_PREMIUM_RAISIN_PREMIUM_164.jpg"}},{"id":138,"license":1,"file_name":"black-grapes-isolated-on-white-background-photo_webp.rf.0c032a3bf9975171029a507400bea5fd.jpg","height":640,"width":640,"date_captured":"2025-06-02T05:38:15+00:00","extra":{"name":"black-grapes-isolated-on-white-background-photo.webp"}},{"id":139,"license":1,"file_name":"CASHEW_JUMBO_CASHEW_JUMBO_466_jpg.rf.af068ce91f98e1b15bb513b522d164d7.jpg","height":640,"width":640,"date_captured":"2025-06-02T05:38:15+00:00","extra":{"name":"CASHEW_JUMBO_CASHEW_JUMBO_466.jpg"}},{"id":140,"license":1,"file_name":"four-concord-grapes-isolated-on-white_webp.rf.db1e01bebad91fce41088bb82e0d231e.jpg","height":640,"width":640,"date_captured":"2025-06-02T05:38:15+00:00","extra":{"name":"four-concord-grapes-isolated-on-white.webp"}},{"id":141,"license":1,"file_name":"two-purple-grapes-with-green-stems_webp.rf.5df8aeb2f94bf24e12aaad23e215a2ed.jpg","height":640,"width":640,"date_captured":"2025-06-02T05:38:15+00:00","extra":{"name":"two-purple-grapes-with-green-stems.webp"}},{"id":142,"license":1,"file_name":"CASHEW_JUMBO_CASHEW_JUMBO_466_jpg.rf.9d18839e675f953314b00765c06c2598.jpg","height":640,"width":640,"date_captured":"2025-06-02T05:38:15+00:00","extra":{"name":"CASHEW_JUMBO_CASHEW_JUMBO_466.jpg"}},{"id":143,"license":1,"file_name":"CASHEW_REGULAR_CASHEW_REGULAR_394_jpg.rf.7c67a099ea24ed334c452b8d515d11b0.jpg","height":640,"width":640,"date_captured":"2025-06-02T05:38:15+00:00","extra":{"name":"CASHEW_REGULAR_CASHEW_REGULAR_394.jpg"}},{"id":144,"license":1,"file_name":"360_F_1398457747_LeARvSkUcjYXu0jUuKbWv436VgQ8TPK8_webp.rf.22b3af2defb9c864d6cab8405833f6d7.jpg","height":640,"width":640,"date_captured":"2025-06-02T05:38:15+00:00","extra":{"name":"360_F_1398457747_LeARvSkUcjYXu0jUuKbWv436VgQ8TPK8.webp"}},{"id":145,"license":1,"file_name":"RAISIN_PREMIUM_RAISIN_PREMIUM_25_jpg.rf.99dd16d6cfb3ad6760f07f6907b5b26e.jpg","height":640,"width":640,"date_captured":"2025-06-02T05:38:15+00:00","extra":{"name":"RAISIN_PREMIUM_RAISIN_PREMIUM_25.jpg"}},{"id":146,"license":1,"file_name":"RAISIN_BLACK_RAISIN_BLACK_846_jpg.rf.4375283d638d9e245df87e077e79937e.jpg","height":640,"width":640,"date_captured":"2025-06-02T05:38:15+00:00","extra":{"name":"RAISIN_BLACK_RAISIN_BLACK_846.jpg"}},{"id":147,"license":1,"file_name":"RAISIN_GRADE1_RAISIN_GRADE1_421_jpg.rf.7d8b51bec3ebab8f8550c129df303309.jpg","height":640,"width":640,"date_captured":"2025-06-02T05:38:15+00:00","extra":{"name":"RAISIN_GRADE1_RAISIN_GRADE1_421.jpg"}},{"id":148,"license":1,"file_name":"ALMOND_REGULAR_ALMOND_REGULAR_578_jpg.rf.1080be509c1858b892d9876bbe577497.jpg","height":640,"width":640,"date_captured":"2025-06-02T05:38:15+00:00","extra":{"name":"ALMOND_REGULAR_ALMOND_REGULAR_578.jpg"}},{"id":149,"license":1,"file_name":"red-seedless-grape_webp.rf.99e89c110e5a71d06bbeee476ddea31c.jpg","height":640,"width":640,"date_captured":"2025-06-02T05:38:15+00:00","extra":{"name":"red-seedless-grape.webp"}},{"id":150,"license":1,"file_name":"RAISIN_PREMIUM_RAISIN_PREMIUM_256_jpg.rf.85fe52e17db4498f1334dbe19db56887.jpg","height":640,"width":640,"date_captured":"2025-06-02T05:38:15+00:00","extra":{"name":"RAISIN_PREMIUM_RAISIN_PREMIUM_256.jpg"}},{"id":151,"license":1,"file_name":"CASHEW_SPECIAL_CASHEW_SPECIAL_171_jpg.rf.c9d9df5b382b4a13ac5a57a83e695756.jpg","height":640,"width":640,"date_captured":"2025-06-02T05:38:15+00:00","extra":{"name":"CASHEW_SPECIAL_CASHEW_SPECIAL_171.jpg"}},{"id":152,"license":1,"file_name":"ALMOND_SANORA_ALMOND_SANORA_905_jpg.rf.3b342661884af165b9f4368a1134b76a.jpg","height":640,"width":640,"date_captured":"2025-06-02T05:38:15+00:00","extra":{"name":"ALMOND_SANORA_ALMOND_SANORA_905.jpg"}},{"id":153,"license":1,"file_name":"ALMOND_REGULAR_ALMOND_REGULAR_390_jpg.rf.9b0bd8f95f1f932f5b420fc55cd91633.jpg","height":640,"width":640,"date_captured":"2025-06-02T05:38:15+00:00","extra":{"name":"ALMOND_REGULAR_ALMOND_REGULAR_390.jpg"}},{"id":154,"license":1,"file_name":"CASHEW_REGULAR_CASHEW_REGULAR_357_jpg.rf.c9a455a05b36e5a6a6cf23ddf2d003d3.jpg","height":640,"width":640,"date_captured":"2025-06-02T05:38:15+00:00","extra":{"name":"CASHEW_REGULAR_CASHEW_REGULAR_357.jpg"}},{"id":155,"license":1,"file_name":"RAISIN_PREMIUM_RAISIN_PREMIUM_256_jpg.rf.f5393f971140b438b2e949737c81a0bb.jpg","height":640,"width":640,"date_captured":"2025-06-02T05:38:15+00:00","extra":{"name":"RAISIN_PREMIUM_RAISIN_PREMIUM_256.jpg"}},{"id":156,"license":1,"file_name":"four-concord-grapes-isolated-on-white_webp.rf.3518f08c97dd8f51af5ef03970f24409.jpg","height":640,"width":640,"date_captured":"2025-06-02T05:38:15+00:00","extra":{"name":"four-concord-grapes-isolated-on-white.webp"}},{"id":157,"license":1,"file_name":"ALMOND_MAMRA_ALMOND_MAMRA_7_jpg.rf.c017d0977cd1c9dc7aff61e9f8e0ea58.jpg","height":640,"width":640,"date_captured":"2025-06-02T05:38:15+00:00","extra":{"name":"ALMOND_MAMRA_ALMOND_MAMRA_7.jpg"}},{"id":158,"license":1,"file_name":"ALMOND_REGULAR_ALMOND_REGULAR_806_jpg.rf.278c610b1189f9b7a7eff3ffcf585e1e.jpg","height":640,"width":640,"date_captured":"2025-06-02T05:38:15+00:00","extra":{"name":"ALMOND_REGULAR_ALMOND_REGULAR_806.jpg"}},{"id":159,"license":1,"file_name":"RAISIN_PREMIUM_RAISIN_PREMIUM_73_jpg.rf.c6d87b698b7a4b1072b0221efafe3571.jpg","height":640,"width":640,"date_captured":"2025-06-02T05:38:15+00:00","extra":{"name":"RAISIN_PREMIUM_RAISIN_PREMIUM_73.jpg"}},{"id":160,"license":1,"file_name":"ALMOND_SANORA_ALMOND_SANORA_22_jpg.rf.6be639d2158fdffa4b059cd2c67aa72c.jpg","height":640,"width":640,"date_captured":"2025-06-02T05:38:15+00:00","extra":{"name":"ALMOND_SANORA_ALMOND_SANORA_22.jpg"}},{"id":161,"license":1,"file_name":"CASHEW_SPECIAL_CASHEW_SPECIAL_171_jpg.rf.3e6b1fdd2826ab721192f23284e840d8.jpg","height":640,"width":640,"date_captured":"2025-06-02T05:38:15+00:00","extra":{"name":"CASHEW_SPECIAL_CASHEW_SPECIAL_171.jpg"}},{"id":162,"license":1,"file_name":"ALMOND_MAMRA_ALMOND_MAMRA_192_jpg.rf.44729723c050202f4a775101b1a16cf9.jpg","height":640,"width":640,"date_captured":"2025-06-02T05:38:15+00:00","extra":{"name":"ALMOND_MAMRA_ALMOND_MAMRA_192.jpg"}},{"id":163,"license":1,"file_name":"ALMOND_SANORA_ALMOND_SANORA_429_jpg.rf.e76d899bb194cc0030b6d9872d8cde87.jpg","height":640,"width":640,"date_captured":"2025-06-02T05:38:15+00:00","extra":{"name":"ALMOND_SANORA_ALMOND_SANORA_429.jpg"}},{"id":164,"license":1,"file_name":"360_F_1218179377_guXOLpOhmvKU3CIiq9HuduiE1PWsofRu_webp.rf.0b94e623c96bb768f089d2f3fc227bd1.jpg","height":640,"width":640,"date_captured":"2025-06-02T05:38:15+00:00","extra":{"name":"360_F_1218179377_guXOLpOhmvKU3CIiq9HuduiE1PWsofRu.webp"}},{"id":165,"license":1,"file_name":"CASHEW_REGULAR_CASHEW_REGULAR_200_jpg.rf.c74940280e09c013cd9a214584976705.jpg","height":640,"width":640,"date_captured":"2025-06-02T05:38:15+00:00","extra":{"name":"CASHEW_REGULAR_CASHEW_REGULAR_200.jpg"}},{"id":166,"license":1,"file_name":"CASHEW_SPECIAL_CASHEW_SPECIAL_46_jpg.rf.52e32fada84c9ac7cd47839adb6f52f0.jpg","height":640,"width":640,"date_captured":"2025-06-02T05:38:15+00:00","extra":{"name":"CASHEW_SPECIAL_CASHEW_SPECIAL_46.jpg"}},{"id":167,"license":1,"file_name":"CASHEW_SPECIAL_CASHEW_SPECIAL_259_jpg.rf.1c8b94574a0377c602c92820156ceec1.jpg","height":640,"width":640,"date_captured":"2025-06-02T05:38:15+00:00","extra":{"name":"CASHEW_SPECIAL_CASHEW_SPECIAL_259.jpg"}},{"id":168,"license":1,"file_name":"RAISIN_PREMIUM_RAISIN_PREMIUM_811_jpg.rf.9815e2c9806a704228f8d29075ecfea3.jpg","height":640,"width":640,"date_captured":"2025-06-02T05:38:15+00:00","extra":{"name":"RAISIN_PREMIUM_RAISIN_PREMIUM_811.jpg"}},{"id":169,"license":1,"file_name":"red-grape-macro_webp.rf.6381fc537707fb958f396778bcece0a6.jpg","height":640,"width":640,"date_captured":"2025-06-02T05:38:15+00:00","extra":{"name":"red-grape-macro.webp"}},{"id":170,"license":1,"file_name":"RAISIN_BLACK_RAISIN_BLACK_568_jpg.rf.f72b622bc1bf46d6870b8cc1bf4d5396.jpg","height":640,"width":640,"date_captured":"2025-06-02T05:38:15+00:00","extra":{"name":"RAISIN_BLACK_RAISIN_BLACK_568.jpg"}},{"id":171,"license":1,"file_name":"ALMOND_SANORA_ALMOND_SANORA_128_jpg.rf.5a3fd7fedda82f9bdeadb35002d271f7.jpg","height":640,"width":640,"date_captured":"2025-06-02T05:38:15+00:00","extra":{"name":"ALMOND_SANORA_ALMOND_SANORA_128.jpg"}},{"id":172,"license":1,"file_name":"CASHEW_SPECIAL_CASHEW_SPECIAL_471_jpg.rf.f74bf5582457a2399ce0be2147577f72.jpg","height":640,"width":640,"date_captured":"2025-06-02T05:38:15+00:00","extra":{"name":"CASHEW_SPECIAL_CASHEW_SPECIAL_471.jpg"}},{"id":173,"license":1,"file_name":"ALMOND_MAMRA_ALMOND_MAMRA_234_jpg.rf.1a193a04f715eeb4b7d541e9840163f7.jpg","height":640,"width":640,"date_captured":"2025-06-02T05:38:15+00:00","extra":{"name":"ALMOND_MAMRA_ALMOND_MAMRA_234.jpg"}},{"id":174,"license":1,"file_name":"RAISIN_PREMIUM_RAISIN_PREMIUM_186_jpg.rf.971db0af66a18a003c17b7590f933b38.jpg","height":640,"width":640,"date_captured":"2025-06-02T05:38:15+00:00","extra":{"name":"RAISIN_PREMIUM_RAISIN_PREMIUM_186.jpg"}},{"id":175,"license":1,"file_name":"CASHEW_JUMBO_CASHEW_JUMBO_310_jpg.rf.193b222832aa57bc084d7158b780ef01.jpg","height":640,"width":640,"date_captured":"2025-06-02T05:38:15+00:00","extra":{"name":"CASHEW_JUMBO_CASHEW_JUMBO_310.jpg"}},{"id":176,"license":1,"file_name":"CASHEW_JUMBO_CASHEW_JUMBO_904_jpg.rf.1b3380b5db20fbd0ad2c25196046f1bd.jpg","height":640,"width":640,"date_captured":"2025-06-02T05:38:15+00:00","extra":{"name":"CASHEW_JUMBO_CASHEW_JUMBO_904.jpg"}},{"id":177,"license":1,"file_name":"CASHEW_REGULAR_CASHEW_REGULAR_605_jpg.rf.ab9f580a8f9851659b79553b2dc1085b.jpg","height":640,"width":640,"date_captured":"2025-06-02T05:38:15+00:00","extra":{"name":"CASHEW_REGULAR_CASHEW_REGULAR_605.jpg"}},{"id":178,"license":1,"file_name":"360_F_1085743617_TZyeDIVCjcw4XbqBolKU0WC5ZqNpJ9Rc_webp.rf.229f3abab844e22aee7889b2a087ff24.jpg","height":640,"width":640,"date_captured":"2025-06-02T05:38:15+00:00","extra":{"name":"360_F_1085743617_TZyeDIVCjcw4XbqBolKU0WC5ZqNpJ9Rc.webp"}},{"id":179,"license":1,"file_name":"ALMOND_MAMRA_ALMOND_MAMRA_778_jpg.rf.e5d7e274697b5ab4ee9ce24db0633ae9.jpg","height":640,"width":640,"date_captured":"2025-06-02T05:38:15+00:00","extra":{"name":"ALMOND_MAMRA_ALMOND_MAMRA_778.jpg"}},{"id":180,"license":1,"file_name":"360_F_1230381194_JkZ4wWbmrdZ0gWxZJXFR6aHQ391xSS2m_webp.rf.42fa704a3aadebc0cd129e0b059f3cf2.jpg","height":640,"width":640,"date_captured":"2025-06-02T05:38:15+00:00","extra":{"name":"360_F_1230381194_JkZ4wWbmrdZ0gWxZJXFR6aHQ391xSS2m.webp"}},{"id":181,"license":1,"file_name":"ALMOND_SANORA_ALMOND_SANORA_42_jpg.rf.021f5f0a209d53ab93a667f9ad1eb71b.jpg","height":640,"width":640,"date_captured":"2025-06-02T05:38:15+00:00","extra":{"name":"ALMOND_SANORA_ALMOND_SANORA_42.jpg"}},{"id":182,"license":1,"file_name":"ALMOND_SANORA_ALMOND_SANORA_113_jpg.rf.0de5a238e0d4817d96e2c7e65ce837ea.jpg","height":640,"width":640,"date_captured":"2025-06-02T05:38:15+00:00","extra":{"name":"ALMOND_SANORA_ALMOND_SANORA_113.jpg"}},{"id":183,"license":1,"file_name":"RAISIN_BLACK_RAISIN_BLACK_261_jpg.rf.92ed0ca35fbe325f6470d09f6469e015.jpg","height":640,"width":640,"date_captured":"2025-06-02T05:38:15+00:00","extra":{"name":"RAISIN_BLACK_RAISIN_BLACK_261.jpg"}},{"id":184,"license":1,"file_name":"green-grape-isolated-on-white_webp.rf.0b7e1255b390a018643816f627780d57.jpg","height":640,"width":640,"date_captured":"2025-06-02T05:38:15+00:00","extra":{"name":"green-grape-isolated-on-white.webp"}},{"id":185,"license":1,"file_name":"RAISIN_GRADE1_RAISIN_GRADE1_886_jpg.rf.51749d1ea4f5dd440e8eed7b6b95b66f.jpg","height":640,"width":640,"date_captured":"2025-06-02T05:38:15+00:00","extra":{"name":"RAISIN_GRADE1_RAISIN_GRADE1_886.jpg"}},{"id":186,"license":1,"file_name":"ALMOND_MAMRA_ALMOND_MAMRA_180_jpg.rf.e8b533aeefbd2ff4485d62ffb2554154.jpg","height":640,"width":640,"date_captured":"2025-06-02T05:38:15+00:00","extra":{"name":"ALMOND_MAMRA_ALMOND_MAMRA_180.jpg"}},{"id":187,"license":1,"file_name":"CASHEW_JUMBO_CASHEW_JUMBO_479_jpg.rf.97bf89c003f28cc1b0bae85ca912e25d.jpg","height":640,"width":640,"date_captured":"2025-06-02T05:38:15+00:00","extra":{"name":"CASHEW_JUMBO_CASHEW_JUMBO_479.jpg"}},{"id":188,"license":1,"file_name":"CASHEW_JUMBO_CASHEW_JUMBO_187_jpg.rf.fa347d67e7cd6954b4f6681006aa1e60.jpg","height":640,"width":640,"date_captured":"2025-06-02T05:38:15+00:00","extra":{"name":"CASHEW_JUMBO_CASHEW_JUMBO_187.jpg"}},{"id":189,"license":1,"file_name":"ripe-red-grape-isolated-on-white-with-clipping-path-full-depth-of-field_webp.rf.ba4a66b50b2846dfa359a7c5a7678a6c.jpg","height":640,"width":640,"date_captured":"2025-06-02T05:38:15+00:00","extra":{"name":"ripe-red-grape-isolated-on-white-with-clipping-path-full-depth-of-field.webp"}},{"id":190,"license":1,"file_name":"green-grapes-isolated-realistic-green-grapes-on-a-white-background-photo_webp.rf.b747507bc9f151a31408cd64d1563bf6.jpg","height":640,"width":640,"date_captured":"2025-06-02T05:38:15+00:00","extra":{"name":"green-grapes-isolated-realistic-green-grapes-on-a-white-background-photo.webp"}},{"id":191,"license":1,"file_name":"RAISIN_BLACK_RAISIN_BLACK_793_jpg.rf.f39f55150223daf932ba61a96cee9b8c.jpg","height":640,"width":640,"date_captured":"2025-06-02T05:38:15+00:00","extra":{"name":"RAISIN_BLACK_RAISIN_BLACK_793.jpg"}},{"id":192,"license":1,"file_name":"RAISIN_BLACK_RAISIN_BLACK_128_jpg.rf.d6df4950500f0429d10b3b47fc02511a.jpg","height":640,"width":640,"date_captured":"2025-06-02T05:38:15+00:00","extra":{"name":"RAISIN_BLACK_RAISIN_BLACK_128.jpg"}},{"id":193,"license":1,"file_name":"CASHEW_SPECIAL_CASHEW_SPECIAL_552_jpg.rf.e42df8bcbbb006c3ee3a01813d85675a.jpg","height":640,"width":640,"date_captured":"2025-06-02T05:38:15+00:00","extra":{"name":"CASHEW_SPECIAL_CASHEW_SPECIAL_552.jpg"}},{"id":194,"license":1,"file_name":"ALMOND_REGULAR_ALMOND_REGULAR_333_jpg.rf.2ca31f5bdc3155748adec6cef97ab5c6.jpg","height":640,"width":640,"date_captured":"2025-06-02T05:38:15+00:00","extra":{"name":"ALMOND_REGULAR_ALMOND_REGULAR_333.jpg"}},{"id":195,"license":1,"file_name":"RAISIN_BLACK_RAISIN_BLACK_246_jpg.rf.e582a067d33ba1a536c845f1df4e3c24.jpg","height":640,"width":640,"date_captured":"2025-06-02T05:38:15+00:00","extra":{"name":"RAISIN_BLACK_RAISIN_BLACK_246.jpg"}},{"id":196,"license":1,"file_name":"CASHEW_REGULAR_CASHEW_REGULAR_737_jpg.rf.9bf7c065bca80ca8c416a6f7e762001a.jpg","height":640,"width":640,"date_captured":"2025-06-02T05:38:15+00:00","extra":{"name":"CASHEW_REGULAR_CASHEW_REGULAR_737.jpg"}},{"id":197,"license":1,"file_name":"CASHEW_JUMBO_CASHEW_JUMBO_546_jpg.rf.f5def41ea9dcb95256512c5155190c12.jpg","height":640,"width":640,"date_captured":"2025-06-02T05:38:15+00:00","extra":{"name":"CASHEW_JUMBO_CASHEW_JUMBO_546.jpg"}},{"id":198,"license":1,"file_name":"RAISIN_PREMIUM_RAISIN_PREMIUM_244_jpg.rf.ccdccf7af2bcda8b995c3fa7b5fa13b6.jpg","height":640,"width":640,"date_captured":"2025-06-02T05:38:15+00:00","extra":{"name":"RAISIN_PREMIUM_RAISIN_PREMIUM_244.jpg"}},{"id":199,"license":1,"file_name":"RAISIN_BLACK_RAISIN_BLACK_812_jpg.rf.4ab6fdfb3b2dd876c0750a6dddd9ec3a.jpg","height":640,"width":640,"date_captured":"2025-06-02T05:38:15+00:00","extra":{"name":"RAISIN_BLACK_RAISIN_BLACK_812.jpg"}},{"id":200,"license":1,"file_name":"white-grapes_webp.rf.68e9d6cd182048869b29d6fb418e861d.jpg","height":640,"width":640,"date_captured":"2025-06-02T05:38:15+00:00","extra":{"name":"white-grapes.webp"}},{"id":201,"license":1,"file_name":"a-single-grape-on-a-white-wall-photo_webp.rf.83778d967ecdd3626bdc9eaabaa5b32d.jpg","height":640,"width":640,"date_captured":"2025-06-02T05:38:15+00:00","extra":{"name":"a-single-grape-on-a-white-wall-photo.webp"}},{"id":202,"license":1,"file_name":"front-view-of-fresh-red-grapes-with-half-in-stack-isolated-on-white-background-with-clipping-path-photo_webp.rf.ad3fc4f27d0702ac76cb3bd26e8a4a9b.jpg","height":640,"width":640,"date_captured":"2025-06-02T05:38:15+00:00","extra":{"name":"front-view-of-fresh-red-grapes-with-half-in-stack-isolated-on-white-background-with-clipping-path-photo.webp"}},{"id":203,"license":1,"file_name":"CASHEW_JUMBO_CASHEW_JUMBO_510_jpg.rf.661e5465511a5cf1d2fdde4f7ac62430.jpg","height":640,"width":640,"date_captured":"2025-06-02T05:38:15+00:00","extra":{"name":"CASHEW_JUMBO_CASHEW_JUMBO_510.jpg"}},{"id":204,"license":1,"file_name":"red-grape-on-white-background-close-up-free-photo_webp.rf.bd086318369e80214344f31b78676212.jpg","height":640,"width":640,"date_captured":"2025-06-02T05:38:15+00:00","extra":{"name":"red-grape-on-white-background-close-up-free-photo.webp"}},{"id":205,"license":1,"file_name":"ALMOND_SANORA_ALMOND_SANORA_42_jpg.rf.8190696ad4a0bb78d62bdb44731853d9.jpg","height":640,"width":640,"date_captured":"2025-06-02T05:38:15+00:00","extra":{"name":"ALMOND_SANORA_ALMOND_SANORA_42.jpg"}},{"id":206,"license":1,"file_name":"CASHEW_SPECIAL_CASHEW_SPECIAL_724_jpg.rf.cae032080d1b210b3acdef0b5780b1a4.jpg","height":640,"width":640,"date_captured":"2025-06-02T05:38:15+00:00","extra":{"name":"CASHEW_SPECIAL_CASHEW_SPECIAL_724.jpg"}},{"id":207,"license":1,"file_name":"CASHEW_SPECIAL_CASHEW_SPECIAL_289_jpg.rf.f787a3d3dd903c11575a87611a35dc1f.jpg","height":640,"width":640,"date_captured":"2025-06-02T05:38:15+00:00","extra":{"name":"CASHEW_SPECIAL_CASHEW_SPECIAL_289.jpg"}},{"id":208,"license":1,"file_name":"high-angle-view-grapes-white-fabric_1048944-17885048_webp.rf.1693356ffdd20f75b364ef34abfd0507.jpg","height":640,"width":640,"date_captured":"2025-06-02T05:38:15+00:00","extra":{"name":"high-angle-view-grapes-white-fabric_1048944-17885048.webp"}}],"annotations":[{"id":0,"image_id":0,"category_id":1,"bbox":[102,237,369,155],"area":57195,"segmentation":[],"iscrowd":0},{"id":1,"image_id":1,"category_id":4,"bbox":[172,146,325,429],"area":139425,"segmentation":[],"iscrowd":0},{"id":2,"image_id":2,"category_id":4,"bbox":[216,281,141,91],"area":12831,"segmentation":[],"iscrowd":0},{"id":3,"image_id":3,"category_id":2,"bbox":[196,187,269,195],"area":52455,"segmentation":[],"iscrowd":0},{"id":4,"image_id":4,"category_id":4,"bbox":[218,209,241,179],"area":43139,"segmentation":[],"iscrowd":0},{"id":5,"image_id":5,"category_id":3,"bbox":[30,62,542,378],"area":204876,"segmentation":[],"iscrowd":0},{"id":6,"image_id":6,"category_id":2,"bbox":[106,145,415,306],"area":126990,"segmentation":[],"iscrowd":0},{"id":7,"image_id":7,"category_id":1,"bbox":[151,224,263,176],"area":46288,"segmentation":[],"iscrowd":0},{"id":8,"image_id":8,"category_id":1,"bbox":[227,218,204,217],"area":44268,"segmentation":[],"iscrowd":0},{"id":9,"image_id":9,"category_id":1,"bbox":[133,222,362,244],"area":88328,"segmentation":[],"iscrowd":0},{"id":10,"image_id":10,"category_id":2,"bbox":[49,167,533,291],"area":155103,"segmentation":[],"iscrowd":0},{"id":11,"image_id":11,"category_id":4,"bbox":[169,264,316,180],"area":56880,"segmentation":[],"iscrowd":0},{"id":12,"image_id":12,"category_id":2,"bbox":[165,126,397,276],"area":109572,"segmentation":[],"iscrowd":0},{"id":13,"image_id":13,"category_id":1,"bbox":[70,176,453,239],"area":108267,"segmentation":[],"iscrowd":0},{"id":14,"image_id":14,"category_id":1,"bbox":[92,28,215,368],"area":79120,"segmentation":[],"iscrowd":0},{"id":15,"image_id":15,"category_id":1,"bbox":[109,223,135,346.5],"area":46777.5,"segmentation":[],"iscrowd":0},{"id":16,"image_id":16,"category_id":2,"bbox":[164,322,227,275],"area":62425,"segmentation":[],"iscrowd":0},{"id":17,"image_id":17,"category_id":3,"bbox":[143,199,338,288],"area":97344,"segmentation":[],"iscrowd":0},{"id":18,"image_id":18,"category_id":3,"bbox":[156,64,477,507],"area":241839,"segmentation":[],"iscrowd":0},{"id":19,"image_id":19,"category_id":4,"bbox":[142,240,209,125],"area":26125,"segmentation":[],"iscrowd":0},{"id":20,"image_id":20,"category_id":1,"bbox":[226,228,171,260.5],"area":44545.5,"segmentation":[],"iscrowd":0},{"id":21,"image_id":21,"category_id":4,"bbox":[274,286,84,137],"area":11508,"segmentation":[],"iscrowd":0},{"id":22,"image_id":22,"category_id":2,"bbox":[101,14,413,584],"area":241192,"segmentation":[],"iscrowd":0},{"id":23,"image_id":23,"category_id":2,"bbox":[190,203,249,161.5],"area":40213.5,"segmentation":[],"iscrowd":0},{"id":24,"image_id":24,"category_id":1,"bbox":[191,153,209,341.5],"area":71373.5,"segmentation":[],"iscrowd":0},{"id":25,"image_id":25,"category_id":1,"bbox":[135,182,356,270],"area":96120,"segmentation":[],"iscrowd":0},{"id":26,"image_id":26,"category_id":2,"bbox":[87,225,211,206],"area":43466,"segmentation":[],"iscrowd":0},{"id":27,"image_id":27,"category_id":1,"bbox":[259,256,146,186],"area":27156,"segmentation":[],"iscrowd":0},{"id":28,"image_id":28,"category_id":1,"bbox":[70,207,480,196],"area":94080,"segmentation":[],"iscrowd":0},{"id":29,"image_id":29,"category_id":3,"bbox":[165,150,266,320.5],"area":85253,"segmentation":[],"iscrowd":0},{"id":30,"image_id":30,"category_id":3,"bbox":[62,69,377.5,542],"area":204605,"segmentation":[],"iscrowd":0},{"id":31,"image_id":31,"category_id":4,"bbox":[278,199,134.5,216.5],"area":29119.25,"segmentation":[],"iscrowd":0},{"id":32,"image_id":32,"category_id":3,"bbox":[122,4,392,586],"area":229712,"segmentation":[],"iscrowd":0},{"id":33,"image_id":33,"category_id":3,"bbox":[158,123,379,444.5],"area":168465.5,"segmentation":[],"iscrowd":0},{"id":34,"image_id":34,"category_id":1,"bbox":[205,104,186,381],"area":70866,"segmentation":[],"iscrowd":0},{"id":35,"image_id":35,"category_id":1,"bbox":[145,209,297,161.5],"area":47965.5,"segmentation":[],"iscrowd":0},{"id":36,"image_id":36,"category_id":2,"bbox":[138,114,274,430],"area":117820,"segmentation":[],"iscrowd":0},{"id":37,"image_id":37,"category_id":3,"bbox":[174,255,402,365],"area":146730,"segmentation":[],"iscrowd":0},{"id":38,"image_id":38,"category_id":3,"bbox":[127,289,404,252],"area":101808,"segmentation":[],"iscrowd":0},{"id":39,"image_id":39,"category_id":3,"bbox":[71,70,225,222.5],"area":50062.5,"segmentation":[],"iscrowd":0},{"id":40,"image_id":39,"category_id":3,"bbox":[355,61,204.5,234.5],"area":47955.25,"segmentation":[],"iscrowd":0},{"id":41,"image_id":39,"category_id":3,"bbox":[78,349,211.5,230.5],"area":48750.75,"segmentation":[],"iscrowd":0},{"id":42,"image_id":39,"category_id":3,"bbox":[349,349,216.5,221.5],"area":47954.75,"segmentation":[],"iscrowd":0},{"id":43,"image_id":40,"category_id":4,"bbox":[255,146,108,200],"area":21600,"segmentation":[],"iscrowd":0},{"id":44,"image_id":41,"category_id":4,"bbox":[228,266,196,121],"area":23716,"segmentation":[],"iscrowd":0},{"id":45,"image_id":42,"category_id":3,"bbox":[212,186,223.5,269],"area":60121.5,"segmentation":[],"iscrowd":0},{"id":46,"image_id":43,"category_id":3,"bbox":[44,35,516,562],"area":289992,"segmentation":[],"iscrowd":0},{"id":47,"image_id":44,"category_id":4,"bbox":[224,148,151,195.5],"area":29520.5,"segmentation":[],"iscrowd":0},{"id":48,"image_id":45,"category_id":1,"bbox":[220,308,231,154],"area":35574,"segmentation":[],"iscrowd":0},{"id":49,"image_id":46,"category_id":1,"bbox":[186,77,216,442],"area":95472,"segmentation":[],"iscrowd":0},{"id":50,"image_id":47,"category_id":2,"bbox":[173,46,218.5,268],"area":58558,"segmentation":[],"iscrowd":0},{"id":51,"image_id":48,"category_id":2,"bbox":[195,197,250,370],"area":92500,"segmentation":[],"iscrowd":0},{"id":52,"image_id":49,"category_id":2,"bbox":[212,65,197.5,503.5],"area":99441.25,"segmentation":[],"iscrowd":0},{"id":53,"image_id":50,"category_id":3,"bbox":[86,168,480.5,370.5],"area":178025.25,"segmentation":[],"iscrowd":0},{"id":54,"image_id":51,"category_id":4,"bbox":[269,173,169,310.5],"area":52474.5,"segmentation":[],"iscrowd":0},{"id":55,"image_id":52,"category_id":1,"bbox":[250,222,121,187],"area":22627,"segmentation":[],"iscrowd":0},{"id":56,"image_id":53,"category_id":4,"bbox":[308,354,120.5,198.5],"area":23919.25,"segmentation":[],"iscrowd":0},{"id":57,"image_id":54,"category_id":4,"bbox":[224,94,240,381.5],"area":91560,"segmentation":[],"iscrowd":0},{"id":58,"image_id":55,"category_id":3,"bbox":[99,127,252.5,404],"area":102010,"segmentation":[],"iscrowd":0},{"id":59,"image_id":56,"category_id":2,"bbox":[200,265,176.5,232.5],"area":41036.25,"segmentation":[],"iscrowd":0},{"id":60,"image_id":57,"category_id":4,"bbox":[313,92,116.5,379],"area":44153.5,"segmentation":[],"iscrowd":0},{"id":61,"image_id":58,"category_id":1,"bbox":[223,226,186.5,169],"area":31518.5,"segmentation":[],"iscrowd":0},{"id":62,"image_id":59,"category_id":3,"bbox":[46,175,295,343.5],"area":101332.5,"segmentation":[],"iscrowd":0},{"id":63,"image_id":60,"category_id":2,"bbox":[25,161,213,469],"area":99897,"segmentation":[],"iscrowd":0},{"id":64,"image_id":61,"category_id":2,"bbox":[264,258,238,184],"area":43792,"segmentation":[],"iscrowd":0},{"id":65,"image_id":62,"category_id":4,"bbox":[225,127,183,371],"area":67893,"segmentation":[],"iscrowd":0},{"id":66,"image_id":63,"category_id":4,"bbox":[217,201,243,195],"area":47385,"segmentation":[],"iscrowd":0},{"id":67,"image_id":64,"category_id":2,"bbox":[201,34,203,370.5],"area":75211.5,"segmentation":[],"iscrowd":0},{"id":68,"image_id":65,"category_id":2,"bbox":[175,134,244,377.5],"area":92110,"segmentation":[],"iscrowd":0},{"id":69,"image_id":66,"category_id":3,"bbox":[135,57,372.5,573],"area":213442.5,"segmentation":[],"iscrowd":0},{"id":70,"image_id":67,"category_id":2,"bbox":[295,0,230,387.5],"area":89125,"segmentation":[],"iscrowd":0},{"id":71,"image_id":68,"category_id":3,"bbox":[238,237,185,141],"area":26085,"segmentation":[],"iscrowd":0},{"id":72,"image_id":69,"category_id":1,"bbox":[265,108,148,368.5],"area":54538,"segmentation":[],"iscrowd":0},{"id":73,"image_id":70,"category_id":4,"bbox":[326,74,123,384.5],"area":47293.5,"segmentation":[],"iscrowd":0},{"id":74,"image_id":71,"category_id":1,"bbox":[220,169,204,317.5],"area":64770,"segmentation":[],"iscrowd":0},{"id":75,"image_id":72,"category_id":4,"bbox":[152,181,345,283],"area":97635,"segmentation":[],"iscrowd":0},{"id":76,"image_id":73,"category_id":3,"bbox":[52,61,529.5,479.5],"area":253895.25,"segmentation":[],"iscrowd":0},{"id":77,"image_id":74,"category_id":4,"bbox":[278,142,178.5,321],"area":57298.5,"segmentation":[],"iscrowd":0},{"id":78,"image_id":75,"category_id":4,"bbox":[162,150,229,197],"area":45113,"segmentation":[],"iscrowd":0},{"id":79,"image_id":76,"category_id":3,"bbox":[56,100,529,456.5],"area":241488.5,"segmentation":[],"iscrowd":0},{"id":80,"image_id":77,"category_id":4,"bbox":[211,192,171.5,226],"area":38759,"segmentation":[],"iscrowd":0},{"id":81,"image_id":78,"category_id":3,"bbox":[244,221,129,175.5],"area":22639.5,"segmentation":[],"iscrowd":0},{"id":82,"image_id":79,"category_id":3,"bbox":[79,168,483.5,451.5],"area":218300.25,"segmentation":[],"iscrowd":0},{"id":83,"image_id":80,"category_id":3,"bbox":[143,109,347,395],"area":137065,"segmentation":[],"iscrowd":0},{"id":84,"image_id":81,"category_id":1,"bbox":[63,167,496,260],"area":128960,"segmentation":[],"iscrowd":0},{"id":85,"image_id":82,"category_id":2,"bbox":[178,38,302.5,530.5],"area":160476.25,"segmentation":[],"iscrowd":0},{"id":86,"image_id":83,"category_id":3,"bbox":[42,40,535,537],"area":287295,"segmentation":[],"iscrowd":0},{"id":87,"image_id":84,"category_id":2,"bbox":[246,168,263,387.5],"area":101912.5,"segmentation":[],"iscrowd":0},{"id":88,"image_id":85,"category_id":2,"bbox":[120,269,398,195.5],"area":77809,"segmentation":[],"iscrowd":0},{"id":89,"image_id":86,"category_id":2,"bbox":[251,99,184,189.5],"area":34868,"segmentation":[],"iscrowd":0},{"id":90,"image_id":87,"category_id":4,"bbox":[252,214,185,161],"area":29785,"segmentation":[],"iscrowd":0},{"id":91,"image_id":88,"category_id":1,"bbox":[277,174,105.5,357.5],"area":37716.25,"segmentation":[],"iscrowd":0},{"id":92,"image_id":89,"category_id":2,"bbox":[162,135,368,461],"area":169648,"segmentation":[],"iscrowd":0},{"id":93,"image_id":90,"category_id":4,"bbox":[302,162,153.5,198],"area":30393,"segmentation":[],"iscrowd":0},{"id":94,"image_id":91,"category_id":2,"bbox":[288,192,234,244],"area":57096,"segmentation":[],"iscrowd":0},{"id":95,"image_id":92,"category_id":4,"bbox":[269,218,114,192.5],"area":21945,"segmentation":[],"iscrowd":0},{"id":96,"image_id":93,"category_id":4,"bbox":[213,174,216.5,302.5],"area":65491.25,"segmentation":[],"iscrowd":0},{"id":97,"image_id":94,"category_id":2,"bbox":[141,202,385,261],"area":100485,"segmentation":[],"iscrowd":0},{"id":98,"image_id":95,"category_id":3,"bbox":[103,106,463,427],"area":197701,"segmentation":[],"iscrowd":0},{"id":99,"image_id":96,"category_id":1,"bbox":[164,54,220,340.5],"area":74910,"segmentation":[],"iscrowd":0},{"id":100,"image_id":97,"category_id":1,"bbox":[254,89,181,472.5],"area":85522.5,"segmentation":[],"iscrowd":0},{"id":101,"image_id":98,"category_id":2,"bbox":[81,212,355,226],"area":80230,"segmentation":[],"iscrowd":0},{"id":102,"image_id":99,"category_id":3,"bbox":[85,83,493.5,496],"area":244776,"segmentation":[],"iscrowd":0},{"id":103,"image_id":100,"category_id":3,"bbox":[58,19,541,600],"area":324600,"segmentation":[],"iscrowd":0},{"id":104,"image_id":101,"category_id":1,"bbox":[254,220,154,207],"area":31878,"segmentation":[],"iscrowd":0},{"id":105,"image_id":102,"category_id":2,"bbox":[261,211,253,277],"area":70081,"segmentation":[],"iscrowd":0},{"id":106,"image_id":103,"category_id":3,"bbox":[148,123,330,365],"area":120450,"segmentation":[],"iscrowd":0},{"id":107,"image_id":104,"category_id":4,"bbox":[240,142,143,173],"area":24739,"segmentation":[],"iscrowd":0},{"id":108,"image_id":105,"category_id":3,"bbox":[165,156,323.5,359],"area":116136.5,"segmentation":[],"iscrowd":0},{"id":109,"image_id":106,"category_id":4,"bbox":[221,288,183,219],"area":40077,"segmentation":[],"iscrowd":0},{"id":110,"image_id":107,"category_id":1,"bbox":[171,213,267,199],"area":53133,"segmentation":[],"iscrowd":0},{"id":111,"image_id":108,"category_id":3,"bbox":[133,79,401,419],"area":168019,"segmentation":[],"iscrowd":0},{"id":112,"image_id":109,"category_id":4,"bbox":[146,196,316,182],"area":57512,"segmentation":[],"iscrowd":0},{"id":113,"image_id":110,"category_id":4,"bbox":[130,225,197,173],"area":34081,"segmentation":[],"iscrowd":0},{"id":114,"image_id":111,"category_id":3,"bbox":[70,97,457,508],"area":232156,"segmentation":[],"iscrowd":0},{"id":115,"image_id":112,"category_id":4,"bbox":[271,262,144.5,171],"area":24709.5,"segmentation":[],"iscrowd":0},{"id":116,"image_id":113,"category_id":2,"bbox":[81,221,404,273],"area":110292,"segmentation":[],"iscrowd":0},{"id":117,"image_id":114,"category_id":2,"bbox":[182,155,336,411],"area":138096,"segmentation":[],"iscrowd":0},{"id":118,"image_id":115,"category_id":3,"bbox":[115,135,353.5,330],"area":116655,"segmentation":[],"iscrowd":0},{"id":119,"image_id":116,"category_id":2,"bbox":[119,289,213.5,169.5],"area":36188.25,"segmentation":[],"iscrowd":0},{"id":120,"image_id":117,"category_id":2,"bbox":[204,288,244,234.5],"area":57218,"segmentation":[],"iscrowd":0},{"id":121,"image_id":118,"category_id":2,"bbox":[215,288,239,208.5],"area":49831.5,"segmentation":[],"iscrowd":0},{"id":122,"image_id":119,"category_id":2,"bbox":[149,218,366,230.5],"area":84363,"segmentation":[],"iscrowd":0},{"id":123,"image_id":120,"category_id":4,"bbox":[111,190,401,256],"area":102656,"segmentation":[],"iscrowd":0},{"id":124,"image_id":121,"category_id":4,"bbox":[205,153,161,306.5],"area":49346.5,"segmentation":[],"iscrowd":0},{"id":125,"image_id":122,"category_id":4,"bbox":[176,269,330,195],"area":64350,"segmentation":[],"iscrowd":0},{"id":126,"image_id":123,"category_id":4,"bbox":[337,178,214,149],"area":31886,"segmentation":[],"iscrowd":0},{"id":127,"image_id":124,"category_id":2,"bbox":[39,0,507,279],"area":141453,"segmentation":[],"iscrowd":0},{"id":128,"image_id":125,"category_id":1,"bbox":[231,181,166.5,246],"area":40959,"segmentation":[],"iscrowd":0},{"id":129,"image_id":126,"category_id":1,"bbox":[253,231,191,152],"area":29032,"segmentation":[],"iscrowd":0},{"id":130,"image_id":127,"category_id":3,"bbox":[179,165,275,310],"area":85250,"segmentation":[],"iscrowd":0},{"id":131,"image_id":128,"category_id":1,"bbox":[249,221,124,189],"area":23436,"segmentation":[],"iscrowd":0},{"id":132,"image_id":129,"category_id":4,"bbox":[183,187,388,136],"area":52768,"segmentation":[],"iscrowd":0},{"id":133,"image_id":130,"category_id":1,"bbox":[241,158,358,249],"area":89142,"segmentation":[],"iscrowd":0},{"id":134,"image_id":131,"category_id":3,"bbox":[141,62,426,522],"area":222372,"segmentation":[],"iscrowd":0},{"id":135,"image_id":132,"category_id":4,"bbox":[209,120,215,386],"area":82990,"segmentation":[],"iscrowd":0},{"id":136,"image_id":133,"category_id":2,"bbox":[92,208,363.5,265.5],"area":96509.25,"segmentation":[],"iscrowd":0},{"id":137,"image_id":134,"category_id":2,"bbox":[116,287,236,198],"area":46728,"segmentation":[],"iscrowd":0},{"id":138,"image_id":135,"category_id":1,"bbox":[187,191,312,192],"area":59904,"segmentation":[],"iscrowd":0},{"id":139,"image_id":136,"category_id":1,"bbox":[215,190,176,209],"area":36784,"segmentation":[],"iscrowd":0},{"id":140,"image_id":137,"category_id":4,"bbox":[88,310,204,131],"area":26724,"segmentation":[],"iscrowd":0},{"id":141,"image_id":138,"category_id":3,"bbox":[30,65,518,469],"area":242942,"segmentation":[],"iscrowd":0},{"id":142,"image_id":139,"category_id":2,"bbox":[33,235,373,209],"area":77957,"segmentation":[],"iscrowd":0},{"id":143,"image_id":140,"category_id":3,"bbox":[75,347,244,247],"area":60268,"segmentation":[],"iscrowd":0},{"id":144,"image_id":140,"category_id":3,"bbox":[38,85,254,227],"area":57658,"segmentation":[],"iscrowd":0},{"id":145,"image_id":140,"category_id":3,"bbox":[353,323,251,235],"area":58985,"segmentation":[],"iscrowd":0},{"id":146,"image_id":140,"category_id":3,"bbox":[324,50,243,238],"area":57834,"segmentation":[],"iscrowd":0},{"id":147,"image_id":141,"category_id":3,"bbox":[137,59,433,527],"area":228191,"segmentation":[],"iscrowd":0},{"id":148,"image_id":142,"category_id":2,"bbox":[217,27,228,383],"area":87324,"segmentation":[],"iscrowd":0},{"id":149,"image_id":143,"category_id":2,"bbox":[0,330,457,310],"area":141670,"segmentation":[],"iscrowd":0},{"id":150,"image_id":144,"category_id":3,"bbox":[250,71,324,445],"area":144180,"segmentation":[],"iscrowd":0},{"id":151,"image_id":145,"category_id":4,"bbox":[160,172,236,349],"area":82364,"segmentation":[],"iscrowd":0},{"id":152,"image_id":146,"category_id":4,"bbox":[222,292,168,208],"area":34944,"segmentation":[],"iscrowd":0},{"id":153,"image_id":147,"category_id":4,"bbox":[176,179,390,143],"area":55770,"segmentation":[],"iscrowd":0},{"id":154,"image_id":148,"category_id":1,"bbox":[53,160,344,226],"area":77744,"segmentation":[],"iscrowd":0},{"id":155,"image_id":149,"category_id":3,"bbox":[169,190,304,267],"area":81168,"segmentation":[],"iscrowd":0},{"id":156,"image_id":150,"category_id":4,"bbox":[85,297,386,142],"area":54812,"segmentation":[],"iscrowd":0},{"id":157,"image_id":151,"category_id":2,"bbox":[224,286,416,282],"area":117312,"segmentation":[],"iscrowd":0},{"id":158,"image_id":152,"category_id":1,"bbox":[180,221,150,228],"area":34200,"segmentation":[],"iscrowd":0},{"id":159,"image_id":153,"category_id":4,"bbox":[254,183,176,239],"area":42064,"segmentation":[],"iscrowd":0},{"id":160,"image_id":154,"category_id":2,"bbox":[101,77,314,421],"area":132194,"segmentation":[],"iscrowd":0},{"id":161,"image_id":155,"category_id":4,"bbox":[262,73,198,395],"area":78210,"segmentation":[],"iscrowd":0},{"id":162,"image_id":156,"category_id":3,"bbox":[346,330,240,237],"area":56880,"segmentation":[],"iscrowd":0},{"id":163,"image_id":156,"category_id":3,"bbox":[83,347,220,248],"area":54560,"segmentation":[],"iscrowd":0},{"id":164,"image_id":156,"category_id":3,"bbox":[332,45,228,244],"area":55632,"segmentation":[],"iscrowd":0},{"id":165,"image_id":156,"category_id":3,"bbox":[58,72,231,237],"area":54747,"segmentation":[],"iscrowd":0},{"id":166,"image_id":157,"category_id":1,"bbox":[243,192,206,319],"area":65714,"segmentation":[],"iscrowd":0},{"id":167,"image_id":158,"category_id":1,"bbox":[36,94,365,199],"area":72635,"segmentation":[],"iscrowd":0},{"id":168,"image_id":159,"category_id":4,"bbox":[82,203,412,291],"area":119892,"segmentation":[],"iscrowd":0},{"id":169,"image_id":160,"category_id":1,"bbox":[239,223,184,269],"area":49496,"segmentation":[],"iscrowd":0},{"id":170,"image_id":161,"category_id":2,"bbox":[111,0,250,389],"area":97250,"segmentation":[],"iscrowd":0},{"id":171,"image_id":162,"category_id":1,"bbox":[235,213,190,205],"area":38950,"segmentation":[],"iscrowd":0},{"id":172,"image_id":163,"category_id":1,"bbox":[145,203,335,231],"area":77385,"segmentation":[],"iscrowd":0},{"id":173,"image_id":164,"category_id":3,"bbox":[20,79,452,484],"area":218768,"segmentation":[],"iscrowd":0},{"id":174,"image_id":165,"category_id":2,"bbox":[271,189,171,255],"area":43605,"segmentation":[],"iscrowd":0},{"id":175,"image_id":166,"category_id":2,"bbox":[60,170,531,283],"area":150273,"segmentation":[],"iscrowd":0},{"id":176,"image_id":167,"category_id":2,"bbox":[112,154,405,288],"area":116640,"segmentation":[],"iscrowd":0},{"id":177,"image_id":168,"category_id":4,"bbox":[282,218,84,137],"area":11508,"segmentation":[],"iscrowd":0},{"id":178,"image_id":169,"category_id":3,"bbox":[166,35,450,589],"area":265050,"segmentation":[],"iscrowd":0},{"id":179,"image_id":170,"category_id":4,"bbox":[172,200,313,174],"area":54462,"segmentation":[],"iscrowd":0},{"id":180,"image_id":171,"category_id":1,"bbox":[133,207,378,276],"area":104328,"segmentation":[],"iscrowd":0},{"id":181,"image_id":172,"category_id":2,"bbox":[296,252,308,270],"area":83160,"segmentation":[],"iscrowd":0},{"id":182,"image_id":173,"category_id":1,"bbox":[70,226,453,239],"area":108267,"segmentation":[],"iscrowd":0},{"id":183,"image_id":174,"category_id":4,"bbox":[286,242,218,147],"area":32046,"segmentation":[],"iscrowd":0},{"id":184,"image_id":175,"category_id":2,"bbox":[23,149,563,364],"area":204932,"segmentation":[],"iscrowd":0},{"id":185,"image_id":176,"category_id":2,"bbox":[132,91,286,434],"area":124124,"segmentation":[],"iscrowd":0},{"id":186,"image_id":177,"category_id":2,"bbox":[161,183,300,397],"area":119100,"segmentation":[],"iscrowd":0},{"id":187,"image_id":178,"category_id":3,"bbox":[0,100,607,448],"area":271936,"segmentation":[],"iscrowd":0},{"id":188,"image_id":179,"category_id":1,"bbox":[107,269,363,125],"area":45375,"segmentation":[],"iscrowd":0},{"id":189,"image_id":180,"category_id":3,"bbox":[174,268,386,345],"area":133170,"segmentation":[],"iscrowd":0},{"id":190,"image_id":181,"category_id":1,"bbox":[146,58,314,514],"area":161396,"segmentation":[],"iscrowd":0},{"id":191,"image_id":182,"category_id":1,"bbox":[239,151,210,388],"area":81480,"segmentation":[],"iscrowd":0},{"id":192,"image_id":183,"category_id":4,"bbox":[144,181,343,278],"area":95354,"segmentation":[],"iscrowd":0},{"id":193,"image_id":184,"category_id":3,"bbox":[116,84,405,444],"area":179820,"segmentation":[],"iscrowd":0},{"id":194,"image_id":185,"category_id":4,"bbox":[262,214,130,201],"area":26130,"segmentation":[],"iscrowd":0},{"id":195,"image_id":186,"category_id":1,"bbox":[70,154,501,283],"area":141783,"segmentation":[],"iscrowd":0},{"id":196,"image_id":187,"category_id":2,"bbox":[260,89,222,227],"area":50394,"segmentation":[],"iscrowd":0},{"id":197,"image_id":188,"category_id":2,"bbox":[135,255,261,217],"area":56637,"segmentation":[],"iscrowd":0},{"id":198,"image_id":189,"category_id":3,"bbox":[48,41,507,554],"area":280878,"segmentation":[],"iscrowd":0},{"id":199,"image_id":190,"category_id":3,"bbox":[150,165,320,266],"area":85120,"segmentation":[],"iscrowd":0},{"id":200,"image_id":191,"category_id":4,"bbox":[212,234,255,212],"area":54060,"segmentation":[],"iscrowd":0},{"id":201,"image_id":192,"category_id":4,"bbox":[180,200,311,172],"area":53492,"segmentation":[],"iscrowd":0},{"id":202,"image_id":193,"category_id":2,"bbox":[279,174,224,253],"area":56672,"segmentation":[],"iscrowd":0},{"id":203,"image_id":194,"category_id":1,"bbox":[175,233,257,183],"area":47031,"segmentation":[],"iscrowd":0},{"id":204,"image_id":195,"category_id":4,"bbox":[202,264,189,166],"area":31374,"segmentation":[],"iscrowd":0},{"id":205,"image_id":196,"category_id":2,"bbox":[182,301,211,245],"area":51695,"segmentation":[],"iscrowd":0},{"id":206,"image_id":197,"category_id":2,"bbox":[280,190,250,260],"area":65000,"segmentation":[],"iscrowd":0},{"id":207,"image_id":198,"category_id":4,"bbox":[134,265,229,197],"area":45113,"segmentation":[],"iscrowd":0},{"id":208,"image_id":199,"category_id":4,"bbox":[319,225,185,158],"area":29230,"segmentation":[],"iscrowd":0},{"id":209,"image_id":200,"category_id":3,"bbox":[27,49,566,567],"area":320922,"segmentation":[],"iscrowd":0},{"id":210,"image_id":201,"category_id":3,"bbox":[235,233,190,149],"area":28310,"segmentation":[],"iscrowd":0},{"id":211,"image_id":202,"category_id":3,"bbox":[80,51,465,537],"area":249705,"segmentation":[],"iscrowd":0},{"id":212,"image_id":203,"category_id":2,"bbox":[199,133,327,438],"area":143226,"segmentation":[],"iscrowd":0},{"id":213,"image_id":204,"category_id":3,"bbox":[123,123,427,401],"area":171227,"segmentation":[],"iscrowd":0},{"id":214,"image_id":205,"category_id":1,"bbox":[161,78,292,510],"area":148920,"segmentation":[],"iscrowd":0},{"id":215,"image_id":206,"category_id":2,"bbox":[162,87,279,373],"area":104067,"segmentation":[],"iscrowd":0},{"id":216,"image_id":207,"category_id":2,"bbox":[137,201,388,267],"area":103596,"segmentation":[],"iscrowd":0},{"id":217,"image_id":208,"category_id":3,"bbox":[110,84,391,410],"area":160310,"segmentation":[],"iscrowd":0}]}